note,title,url_or_path,citation_and_access,research_as_of,extension_access_note
1,Comparing Stablecoin Prices Using Different Pricing Methods,https://gitbook-docs.coinmetrics.io/tutorials-and-examples/tutorials/comparing-stablecoin-prices-using-different-pricing-methods,Coin Metrics. [Comparing Stablecoin Prices Using Different Pricing Methods](https://gitbook-docs.coinmetrics.io/tutorials-and-examples/tutorials/comparing-stablecoin-prices-using-different-pricing-methods). 공개 제품 방법론 예제. 가격 방법 비교의 기존 범위를 확인한 것이며 학술 논문과 구분한다.,2026-09-09,Prior verified primary-source context; Upbit grid notice and Coin Metrics method page rechecked 2026-09-10.
2,The State of Liquidity on Korean Crypto Markets,https://www.kaiko.com/resources/the-state-of-liquidity-on-korean-crypto-markets-2,"Kaiko. [The State of Liquidity on Korean Crypto Markets](https://www.kaiko.com/resources/the-state-of-liquidity-on-korean-crypto-markets-2). 공개 보고서 소개와 분석 요약, 2026년 9월 9일 확인. Upbit와 제휴 제작했음을 명시하는 데이터 제공자의 자체 분석이며 별도 심사 논문으로 취급하지 않는다.",2026-09-09,Prior verified primary-source context; Upbit grid notice and Coin Metrics method page rechecked 2026-09-10.
3,When Bigger Is Better: The Impact of a Tiny Tick Size on Undercutting Behavior,https://doi.org/10.1017/S0022109022001077,"Dyhrberg, A. H., Foley, S., and Svec, J. (2023). [When Bigger Is Better: The Impact of a Tiny Tick Size on Undercutting Behavior](https://doi.org/10.1017/S0022109022001077). Journal of Financial and Quantitative Analysis, 58(6), 2387–2416. 최소호가와 시장 품질의 기존 연구.",2026-09-09,Prior verified primary-source context; Upbit grid notice and Coin Metrics method page rechecked 2026-09-10.
4,Stablecoin and cross-border crypto market integration,https://doi.org/10.1016/j.econlet.2025.112704,"Kang, C.-M., Kang, H.-G., Kim, D., and Sul, H. K. (2025). [Stablecoin and cross-border crypto market integration](https://doi.org/10.1016/j.econlet.2025.112704). Economics Letters, 257, 112704. 출판사 공개 초록·절별 내용과 기존 문헌 검토에 근거하며 전체 실험을 독립 재현한 것은 아니다.",2026-09-09,Prior verified primary-source context; Upbit grid notice and Coin Metrics method page rechecked 2026-09-10.
5,원화 마켓 호가 단위 변경 안내 — 2025년 7월 31일,https://docs.upbit.com/kr/changelog/krw_tick_unit_change_250731,Upbit 개발자센터. [원화 마켓 호가 단위 변경 안내 — 2025년 7월 31일](https://docs.upbit.com/kr/changelog/krw_tick_unit_change_250731). 가격대별 전후 단위 및 이전 주문 존속 공지.,2026-09-09,Prior verified primary-source context; Upbit grid notice and Coin Metrics method page rechecked 2026-09-10.
6,한국 USDT 확장 연구의 실증 결과와 제출 판단,/home/ssd-990/soobeenkim/stablecoin_workshop/extension_20260909/RESEARCH_FINDINGS_KO.md,"자체 선행 실험. [한국 USDT 확장 연구의 실증 결과와 제출 판단](/home/ssd-990/soobeenkim/stablecoin_workshop/extension_20260909/RESEARCH_FINDINGS_KO.md), [분석 이력과 한계](/home/ssd-990/soobeenkim/stablecoin_workshop/extension_20260909/REVIEW_STATUS.md). 과거 결과·원고는 보존하고 후속 분석과 구분한다.",2026-09-09,Prior verified primary-source context; Upbit grid notice and Coin Metrics method page rechecked 2026-09-10.
6,분석 이력과 한계,/home/ssd-990/soobeenkim/stablecoin_workshop/extension_20260909/REVIEW_STATUS.md,"자체 선행 실험. [한국 USDT 확장 연구의 실증 결과와 제출 판단](/home/ssd-990/soobeenkim/stablecoin_workshop/extension_20260909/RESEARCH_FINDINGS_KO.md), [분석 이력과 한계](/home/ssd-990/soobeenkim/stablecoin_workshop/extension_20260909/REVIEW_STATUS.md). 과거 결과·원고는 보존하고 후속 분석과 구분한다.",2026-09-09,Prior verified primary-source context; Upbit grid notice and Coin Metrics method page rechecked 2026-09-10.
method1,Pretest with Caution: Event-Study Estimates after Testing for Parallel Trends,https://www.jonathandroth.com/assets/files/roth_pretrends_testing.pdf,"Jonathan Roth (2022), AER: Insights 4(3), 305–322. Author full PDF accessed 2026-09-09; limits of pretrend tests.",2026-09-09,Prior verified primary-source context; Upbit grid notice and Coin Metrics method page rechecked 2026-09-10.
method2,The Moving Blocks Bootstrap and Robust Inference for Linear Least Squares and Quantile Regressions,https://madoc.bib.uni-mannheim.de/14222/,"Bernd Fitzenberger (1998), Journal of Econometrics 82(2), 235–287. Author-institution publication record; DOI 10.1016/S0304-4076(97)00058-4. Not a guarantee of finite-sample validity for these data.",2026-09-09,Prior verified primary-source context; Upbit grid notice and Coin Metrics method page rechecked 2026-09-10.
