definition,fold,feature,train_n,test_n,train_p01,train_median,train_p99,test_p01,test_median,test_p99,below_train_p01,above_train_p99
EQ,2025-08,e_now,310,164,-13.912119894365453,-0.40800177756056266,12.306884639741131,-15.159184324935072,0.7865064033255138,15.536828495782837,0.024390243902439025,0.054878048780487805
EQ,2025-08,e_change1,310,164,-14.20007173276367,-0.06220297387619311,14.406139941233713,-17.323580146984654,-0.16338086580578526,20.49390280588962,0.06707317073170732,0.04878048780487805
EQ,2025-08,e_rms72,310,164,2.8264541350068755,6.018943064734353,65.34327595160359,5.701661498195989,7.947482648903563,12.787569188048849,0.0,0.0
EQ,2025-08,btc_vol24,310,164,18.150902520603875,31.53316448422829,69.0491380715822,17.316835299455775,33.159006656288554,53.584310841507765,0.03048780487804878,0.0
EQ,2025-08,account_log,310,164,-0.8230395527555433,-0.3439030982633313,0.33983920120035566,-0.306155688099902,0.3565157765281034,0.7419889049174064,0.0,0.5853658536585366
EQ,2025-08,funding_bp,310,164,-0.346247,0.4871,1.0,-0.1408,0.6268499999999999,1.0,0.0,0.0
EQ,2025-08,oi_ret1,310,164,-115.93865932032213,2.6604834807386624,249.97204301658385,-94.58261618385374,1.4591210138181765,206.71316114804327,0.0,0.006097560975609756
EQ,2025-08,oi_change24,310,164,-589.528696107979,37.385122397903814,927.9238954826002,-517.4418269445589,-58.02463554656079,847.6448822298081,0.0,0.0
EQ,2025-08,local_volume_surprise,310,164,-0.8698615955180626,0.2615960839078859,1.5993684507932904,-0.8849976066331023,0.2620549106109893,1.8258102078810423,0.012195121951219513,0.04878048780487805
EQ,2025-08,fx_ret1,310,164,-40.18979606801096,0.03591605699071465,45.97952293438558,-21.765400083990993,-0.03611266217173892,22.968202358332512,0.0,0.0
CAP,2025-08,e_now,310,164,-13.77415494671309,-0.11689281233460093,14.173130876816618,-12.938121200818896,0.3512241909345102,15.146260317624948,0.012195121951219513,0.018292682926829267
CAP,2025-08,e_change1,310,164,-16.030654332439404,0.16975068077498934,16.6506931348265,-14.979661335864947,-0.650443195505594,16.085756882904377,0.006097560975609756,0.006097560975609756
CAP,2025-08,e_rms72,310,164,3.3955970976815326,6.5133849718971195,48.832686419552225,5.33569215084263,7.17428087801162,10.559323022254373,0.0,0.0
CAP,2025-08,btc_vol24,310,164,18.150902520603875,31.53316448422829,69.0491380715822,17.316835299455775,33.159006656288554,53.584310841507765,0.03048780487804878,0.0
CAP,2025-08,account_log,310,164,-0.8230395527555433,-0.3439030982633313,0.33983920120035566,-0.306155688099902,0.3565157765281034,0.7419889049174064,0.0,0.5853658536585366
CAP,2025-08,funding_bp,310,164,-0.346247,0.4871,1.0,-0.1408,0.6268499999999999,1.0,0.0,0.0
CAP,2025-08,oi_ret1,310,164,-115.93865932032213,2.6604834807386624,249.97204301658385,-94.58261618385374,1.4591210138181765,206.71316114804327,0.0,0.006097560975609756
CAP,2025-08,oi_change24,310,164,-589.528696107979,37.385122397903814,927.9238954826002,-517.4418269445589,-58.02463554656079,847.6448822298081,0.0,0.0
CAP,2025-08,local_volume_surprise,310,164,-0.8698615955180626,0.2615960839078859,1.5993684507932904,-0.8849976066331023,0.2620549106109893,1.8258102078810423,0.012195121951219513,0.04878048780487805
CAP,2025-08,fx_ret1,310,164,-40.18979606801096,0.03591605699071465,45.97952293438558,-21.765400083990993,-0.03611266217173892,22.968202358332512,0.0,0.0
PCA,2025-08,e_now,310,164,-13.90176102791567,-0.40184746116478587,12.303838011277398,-15.152652962553667,0.7882242194389857,15.526917680339022,0.024390243902439025,0.054878048780487805
PCA,2025-08,e_change1,310,164,-14.188622585431999,-0.05320286105952721,14.414936901978162,-17.3122104125858,-0.17001035404144949,20.493480256153603,0.06707317073170732,0.04878048780487805
PCA,2025-08,e_rms72,310,164,2.8241305135502173,6.018075391317254,65.31758108558593,5.695330155923998,7.943249413039886,12.779980413782704,0.0,0.0
PCA,2025-08,btc_vol24,310,164,18.150902520603875,31.53316448422829,69.0491380715822,17.316835299455775,33.159006656288554,53.584310841507765,0.03048780487804878,0.0
PCA,2025-08,account_log,310,164,-0.8230395527555433,-0.3439030982633313,0.33983920120035566,-0.306155688099902,0.3565157765281034,0.7419889049174064,0.0,0.5853658536585366
PCA,2025-08,funding_bp,310,164,-0.346247,0.4871,1.0,-0.1408,0.6268499999999999,1.0,0.0,0.0
PCA,2025-08,oi_ret1,310,164,-115.93865932032213,2.6604834807386624,249.97204301658385,-94.58261618385374,1.4591210138181765,206.71316114804327,0.0,0.006097560975609756
PCA,2025-08,oi_change24,310,164,-589.528696107979,37.385122397903814,927.9238954826002,-517.4418269445589,-58.02463554656079,847.6448822298081,0.0,0.0
PCA,2025-08,local_volume_surprise,310,164,-0.8698615955180626,0.2615960839078859,1.5993684507932904,-0.8849976066331023,0.2620549106109893,1.8258102078810423,0.012195121951219513,0.04878048780487805
PCA,2025-08,fx_ret1,310,164,-40.18979606801096,0.03591605699071465,45.97952293438558,-21.765400083990993,-0.03611266217173892,22.968202358332512,0.0,0.0
EQ,2025-09,e_now,479,178,-14.360376924110694,-0.6440611455720198,13.84363993227356,-12.222264785821402,1.3696974982467753,13.534276587033437,0.0056179775280898875,0.0056179775280898875
EQ,2025-09,e_change1,479,178,-16.76660192633072,-0.1015590978442793,17.676669210985676,-18.078833037740004,-0.3298875901847307,18.557784446421085,0.02247191011235955,0.016853932584269662
EQ,2025-09,e_rms72,479,178,3.9007455530424124,6.591945863362929,12.969515418438066,6.145137068700697,7.928230430000573,12.692823652014928,0.0,0.0
EQ,2025-09,btc_vol24,479,178,17.631128169583235,32.34641551953559,64.71370784498548,16.12304534275783,27.0288281119404,60.94471273565398,0.0449438202247191,0.0
EQ,2025-09,account_log,479,178,-0.810985370179672,-0.11753071749128907,0.7275115072367933,-0.10956971334536701,0.3305011962387382,0.7881011796903973,0.0,0.028089887640449437
EQ,2025-09,funding_bp,479,178,-0.31739999999999996,0.5297000000000001,1.0,-0.0231,0.5843,1.0,0.0,0.0
EQ,2025-09,oi_ret1,479,178,-107.71008881542663,2.070766663493373,246.36305278854195,-102.999877837002,4.434828901329624,182.2234859216171,0.011235955056179775,0.0
EQ,2025-09,oi_change24,479,178,-580.4063518024847,-10.344175624474872,897.5296481881691,-402.8622997620813,45.07483351566144,448.961959305231,0.0,0.0
EQ,2025-09,local_volume_surprise,479,178,-0.881519396047123,0.25937858262876645,1.77773722200496,-0.9821096622220599,0.2991526727637046,1.7456368088295686,0.016853932584269662,0.011235955056179775
EQ,2025-09,fx_ret1,479,178,-33.39858373702658,0.0718321139814293,41.57276063655487,-20.21219995492327,-0.32263786919450865,20.184488713304617,0.0,0.0
CAP,2025-09,e_now,479,178,-13.924516350642683,-0.21031284235214706,14.704903805271705,-10.5305051345129,1.8234824195570856,15.776764301073287,0.0056179775280898875,0.02247191011235955
CAP,2025-09,e_change1,479,178,-16.446273848224884,0.0224311598565059,16.499891778883352,-15.772030321038821,0.46101541988347927,16.10947381132465,0.0056179775280898875,0.011235955056179775
CAP,2025-09,e_rms72,479,178,4.551896891058994,6.720791980486991,11.677008813481246,5.527291043848844,7.399732432228299,10.033694164367317,0.0,0.0
CAP,2025-09,btc_vol24,479,178,17.631128169583235,32.34641551953559,64.71370784498548,16.12304534275783,27.0288281119404,60.94471273565398,0.0449438202247191,0.0
CAP,2025-09,account_log,479,178,-0.810985370179672,-0.11753071749128907,0.7275115072367933,-0.10956971334536701,0.3305011962387382,0.7881011796903973,0.0,0.028089887640449437
CAP,2025-09,funding_bp,479,178,-0.31739999999999996,0.5297000000000001,1.0,-0.0231,0.5843,1.0,0.0,0.0
CAP,2025-09,oi_ret1,479,178,-107.71008881542663,2.070766663493373,246.36305278854195,-102.999877837002,4.434828901329624,182.2234859216171,0.011235955056179775,0.0
CAP,2025-09,oi_change24,479,178,-580.4063518024847,-10.344175624474872,897.5296481881691,-402.8622997620813,45.07483351566144,448.961959305231,0.0,0.0
CAP,2025-09,local_volume_surprise,479,178,-0.881519396047123,0.25937858262876645,1.77773722200496,-0.9821096622220599,0.2991526727637046,1.7456368088295686,0.016853932584269662,0.011235955056179775
CAP,2025-09,fx_ret1,479,178,-33.39858373702658,0.0718321139814293,41.57276063655487,-20.21219995492327,-0.32263786919450865,20.184488713304617,0.0,0.0
PCA,2025-09,e_now,479,178,-14.347524161630163,-0.6485329174264122,13.810245680937914,-12.1777636733852,1.3575859048119132,13.529117621566114,0.0056179775280898875,0.0056179775280898875
PCA,2025-09,e_change1,479,178,-16.77860205862397,-0.13432532623956073,17.66408985507978,-17.9943094585588,-0.2879751260306116,18.530323144490467,0.02247191011235955,0.016853932584269662
PCA,2025-09,e_rms72,479,178,3.902855264442508,6.581336867637407,12.948662904725733,6.137645473210776,7.915074604646735,12.67307440569208,0.0,0.0
PCA,2025-09,btc_vol24,479,178,17.631128169583235,32.34641551953559,64.71370784498548,16.12304534275783,27.0288281119404,60.94471273565398,0.0449438202247191,0.0
PCA,2025-09,account_log,479,178,-0.810985370179672,-0.11753071749128907,0.7275115072367933,-0.10956971334536701,0.3305011962387382,0.7881011796903973,0.0,0.028089887640449437
PCA,2025-09,funding_bp,479,178,-0.31739999999999996,0.5297000000000001,1.0,-0.0231,0.5843,1.0,0.0,0.0
PCA,2025-09,oi_ret1,479,178,-107.71008881542663,2.070766663493373,246.36305278854195,-102.999877837002,4.434828901329624,182.2234859216171,0.011235955056179775,0.0
PCA,2025-09,oi_change24,479,178,-580.4063518024847,-10.344175624474872,897.5296481881691,-402.8622997620813,45.07483351566144,448.961959305231,0.0,0.0
PCA,2025-09,local_volume_surprise,479,178,-0.881519396047123,0.25937858262876645,1.77773722200496,-0.9821096622220599,0.2991526727637046,1.7456368088295686,0.016853932584269662,0.011235955056179775
PCA,2025-09,fx_ret1,479,178,-33.39858373702658,0.0718321139814293,41.57276063655487,-20.21219995492327,-0.32263786919450865,20.184488713304617,0.0,0.0
EQ,2025-10,e_now,652,182,-13.98137612697182,-0.1336394349975178,13.359406652221393,-8.082487683597114,6.5861395928784,23.576977270214684,0.0,0.1978021978021978
EQ,2025-10,e_change1,652,182,-17.104841919237053,-0.12130444299448717,17.819779269864558,-19.54297378309855,-0.3743240486922883,19.97681591514296,0.027472527472527472,0.016483516483516484
EQ,2025-10,e_rms72,652,182,4.166816492659201,6.868333576749047,12.897630516112681,5.7293938845399754,7.9585206383045755,10.385060353319579,0.0,0.0
EQ,2025-10,btc_vol24,652,182,16.909153785371313,30.771097139837515,62.896774883952666,26.181463903741776,39.54540659104698,93.38751852688992,0.0,0.0989010989010989
EQ,2025-10,account_log,652,182,-0.8012544487708935,0.029967521283264565,0.7409611154265714,-0.5602650507448953,0.3787291123790347,0.904594528729521,0.0,0.19230769230769232
EQ,2025-10,funding_bp,652,182,-0.31739999999999996,0.5694,1.0,-0.5567,0.2673,1.0,0.12087912087912088,0.0
EQ,2025-10,oi_ret1,652,182,-109.06302063316727,3.2116063880138768,235.15200846399333,-200.92000979543732,3.202066418861449,272.0864534459169,0.06043956043956044,0.016483516483516484
EQ,2025-10,oi_change24,652,182,-557.3927539504812,6.800572389380477,890.3701473485969,-779.161565679706,18.43437651906754,740.5680495463675,0.09340659340659341,0.0
EQ,2025-10,local_volume_surprise,652,182,-0.858957800521914,0.26815171133194937,1.7946141155477786,-0.8335135350576646,0.22891697628429863,1.5198962833572587,0.01098901098901099,0.0
EQ,2025-10,fx_ret1,652,182,-30.199254224135164,-0.10828693747022555,29.72747674829074,-22.643376110004088,-0.48954359573638584,22.22587675431784,0.0,0.0
CAP,2025-10,e_now,652,182,-13.79706087742689,-0.10804032143749617,14.097363838456342,-9.227632862953415,4.382648166884112,17.808580002950926,0.005494505494505495,0.06593406593406594
CAP,2025-10,e_change1,652,182,-15.975928773272688,0.038116295404116096,16.52711411834452,-18.349787394749093,0.08837564938549336,17.79034581156507,0.02197802197802198,0.02197802197802198
CAP,2025-10,e_rms72,652,182,4.904970258393691,6.912433605056107,10.077085804654452,4.762925421054441,6.880029248329352,9.9279499247101,0.038461538461538464,0.01098901098901099
CAP,2025-10,btc_vol24,652,182,16.909153785371313,30.771097139837515,62.896774883952666,26.181463903741776,39.54540659104698,93.38751852688992,0.0,0.0989010989010989
CAP,2025-10,account_log,652,182,-0.8012544487708935,0.029967521283264565,0.7409611154265714,-0.5602650507448953,0.3787291123790347,0.904594528729521,0.0,0.19230769230769232
CAP,2025-10,funding_bp,652,182,-0.31739999999999996,0.5694,1.0,-0.5567,0.2673,1.0,0.12087912087912088,0.0
CAP,2025-10,oi_ret1,652,182,-109.06302063316727,3.2116063880138768,235.15200846399333,-200.92000979543732,3.202066418861449,272.0864534459169,0.06043956043956044,0.016483516483516484
CAP,2025-10,oi_change24,652,182,-557.3927539504812,6.800572389380477,890.3701473485969,-779.161565679706,18.43437651906754,740.5680495463675,0.09340659340659341,0.0
CAP,2025-10,local_volume_surprise,652,182,-0.858957800521914,0.26815171133194937,1.7946141155477786,-0.8335135350576646,0.22891697628429863,1.5198962833572587,0.01098901098901099,0.0
CAP,2025-10,fx_ret1,652,182,-30.199254224135164,-0.10828693747022555,29.72747674829074,-22.643376110004088,-0.48954359573638584,22.22587675431784,0.0,0.0
PCA,2025-10,e_now,652,182,-13.957665112826382,-0.1239121592620272,13.324435368478808,-8.023561767852732,6.574862065165975,23.467400934405738,0.0,0.1978021978021978
PCA,2025-10,e_change1,652,182,-17.040057049207995,-0.13317843372648627,17.779474347117752,-19.496754729138473,-0.38079999858153624,19.91294880179597,0.027472527472527472,0.016483516483516484
PCA,2025-10,e_rms72,652,182,4.163490828082434,6.868861935739938,12.867703288972349,5.691595652183801,7.918024520166605,10.349306865136654,0.0,0.0
PCA,2025-10,btc_vol24,652,182,16.909153785371313,30.771097139837515,62.896774883952666,26.181463903741776,39.54540659104698,93.38751852688992,0.0,0.0989010989010989
PCA,2025-10,account_log,652,182,-0.8012544487708935,0.029967521283264565,0.7409611154265714,-0.5602650507448953,0.3787291123790347,0.904594528729521,0.0,0.19230769230769232
PCA,2025-10,funding_bp,652,182,-0.31739999999999996,0.5694,1.0,-0.5567,0.2673,1.0,0.12087912087912088,0.0
PCA,2025-10,oi_ret1,652,182,-109.06302063316727,3.2116063880138768,235.15200846399333,-200.92000979543732,3.202066418861449,272.0864534459169,0.06043956043956044,0.016483516483516484
PCA,2025-10,oi_change24,652,182,-557.3927539504812,6.800572389380477,890.3701473485969,-779.161565679706,18.43437651906754,740.5680495463675,0.09340659340659341,0.0
PCA,2025-10,local_volume_surprise,652,182,-0.858957800521914,0.26815171133194937,1.7946141155477786,-0.8335135350576646,0.22891697628429863,1.5198962833572587,0.01098901098901099,0.0
PCA,2025-10,fx_ret1,652,182,-30.199254224135164,-0.10828693747022555,29.72747674829074,-22.643376110004088,-0.48954359573638584,22.22587675431784,0.0,0.0
EQ,2025-11,e_now,839,124,-14.16835087801883,-0.06182545439662003,13.721377515576554,-30.694252527947853,0.10122806944840096,15.48709119810713,0.056451612903225805,0.016129032258064516
EQ,2025-11,e_change1,839,124,-17.905102187963973,-0.15892599317026557,18.917937989192406,-18.602616134435973,-0.2760513901406513,19.439459939061475,0.024193548387096774,0.016129032258064516
EQ,2025-11,e_rms72,839,124,4.449883656020526,7.2659413894965255,12.915828894459091,5.386880693815877,8.272846101124795,13.093188501316739,0.0,0.024193548387096774
EQ,2025-11,btc_vol24,839,124,17.228710024724812,32.60175274371498,80.24667762778189,25.526933887908655,54.60359305387566,83.75591918881733,0.0,0.03225806451612903
EQ,2025-11,account_log,839,124,-0.7914085528785507,0.0743073101417278,0.8580742588135496,0.40783897715031914,0.8560114502604244,1.3331409037056507,0.0,0.5
EQ,2025-11,funding_bp,839,124,-0.4498,0.507,1.0,-0.529,0.48419999999999996,1.0,0.024193548387096774,0.0
EQ,2025-11,oi_ret1,839,124,-141.6437091452842,3.0516999292018454,241.9744341792388,-153.4552817233747,0.41068529318621927,206.26015360880638,0.016129032258064516,0.0
EQ,2025-11,oi_change24,839,124,-672.234645621943,8.91633279509918,867.8380373264051,-580.4644353213124,3.825617248658375,912.5154406043655,0.0,0.024193548387096774
EQ,2025-11,local_volume_surprise,839,124,-0.8970741296582205,0.2564381105318638,1.738354043149266,-1.4950160754545856,0.22761502600475225,1.811431415687173,0.03225806451612903,0.016129032258064516
EQ,2025-11,fx_ret1,839,124,-29.143892829087115,-0.14454209066094847,28.05582687147528,-29.65552893166281,1.1006255681333954,26.668331023361066,0.016129032258064516,0.008064516129032258
CAP,2025-11,e_now,839,124,-13.570216886354357,-0.09259954093341835,13.768562020159862,-39.696349058987074,0.7434916176923927,13.884266499929822,0.07258064516129033,0.016129032258064516
CAP,2025-11,e_change1,839,124,-17.1741171868213,0.06591873880190668,17.04621350744661,-16.08944922027295,-0.5475076365285381,13.708231452701947,0.008064516129032258,0.008064516129032258
CAP,2025-11,e_rms72,839,124,4.848918515436939,6.92368047103816,10.194847114476817,5.233559154202491,7.558233261707615,9.392985765383957,0.008064516129032258,0.0
CAP,2025-11,btc_vol24,839,124,17.228710024724812,32.60175274371498,80.24667762778189,25.526933887908655,54.60359305387566,83.75591918881733,0.0,0.03225806451612903
CAP,2025-11,account_log,839,124,-0.7914085528785507,0.0743073101417278,0.8580742588135496,0.40783897715031914,0.8560114502604244,1.3331409037056507,0.0,0.5
CAP,2025-11,funding_bp,839,124,-0.4498,0.507,1.0,-0.529,0.48419999999999996,1.0,0.024193548387096774,0.0
CAP,2025-11,oi_ret1,839,124,-141.6437091452842,3.0516999292018454,241.9744341792388,-153.4552817233747,0.41068529318621927,206.26015360880638,0.016129032258064516,0.0
CAP,2025-11,oi_change24,839,124,-672.234645621943,8.91633279509918,867.8380373264051,-580.4644353213124,3.825617248658375,912.5154406043655,0.0,0.024193548387096774
CAP,2025-11,local_volume_surprise,839,124,-0.8970741296582205,0.2564381105318638,1.738354043149266,-1.4950160754545856,0.22761502600475225,1.811431415687173,0.03225806451612903,0.016129032258064516
CAP,2025-11,fx_ret1,839,124,-29.143892829087115,-0.14454209066094847,28.05582687147528,-29.65552893166281,1.1006255681333954,26.668331023361066,0.016129032258064516,0.008064516129032258
PCA,2025-11,e_now,839,124,-14.127342051100335,-0.04560052462927073,13.686459838812878,-30.69092961907196,0.06679612500854512,15.422802823814813,0.056451612903225805,0.016129032258064516
PCA,2025-11,e_change1,839,124,-17.823126227871867,-0.16289825556216897,18.887349919613385,-18.46240950086898,-0.23255762655750967,19.35866697179911,0.024193548387096774,0.016129032258064516
PCA,2025-11,e_rms72,839,124,4.446456763703255,7.249203809957188,12.90168710767493,5.317399910585658,8.227068604061216,13.024356968600099,0.0,0.024193548387096774
PCA,2025-11,btc_vol24,839,124,17.228710024724812,32.60175274371498,80.24667762778189,25.526933887908655,54.60359305387566,83.75591918881733,0.0,0.03225806451612903
PCA,2025-11,account_log,839,124,-0.7914085528785507,0.0743073101417278,0.8580742588135496,0.40783897715031914,0.8560114502604244,1.3331409037056507,0.0,0.5
PCA,2025-11,funding_bp,839,124,-0.4498,0.507,1.0,-0.529,0.48419999999999996,1.0,0.024193548387096774,0.0
PCA,2025-11,oi_ret1,839,124,-141.6437091452842,3.0516999292018454,241.9744341792388,-153.4552817233747,0.41068529318621927,206.26015360880638,0.016129032258064516,0.0
PCA,2025-11,oi_change24,839,124,-672.234645621943,8.91633279509918,867.8380373264051,-580.4644353213124,3.825617248658375,912.5154406043655,0.0,0.024193548387096774
PCA,2025-11,local_volume_surprise,839,124,-0.8970741296582205,0.2564381105318638,1.738354043149266,-1.4950160754545856,0.22761502600475225,1.811431415687173,0.03225806451612903,0.016129032258064516
PCA,2025-11,fx_ret1,839,124,-29.143892829087115,-0.14454209066094847,28.05582687147528,-29.65552893166281,1.1006255681333954,26.668331023361066,0.016129032258064516,0.008064516129032258
EQ,2025-12,e_now,963,139,-15.318939524117228,-0.03898969207674196,13.873120877890216,-49.726242671599216,-1.5146620761570935,19.054300035213085,0.08633093525179857,0.050359712230215826
EQ,2025-12,e_change1,963,139,-18.040217958960366,-0.16457045141886278,19.33953447895607,-26.53080387406765,1.1186013089742581,25.453378324042177,0.05755395683453238,0.03597122302158273
EQ,2025-12,e_rms72,963,139,4.506528185753437,7.435606763969939,12.936350600517624,7.724165159647512,10.032181103129503,22.79598309329281,0.0,0.17266187050359713
EQ,2025-12,btc_vol24,963,139,17.3488156976641,34.24872096422096,83.6293694456358,19.690539625004554,47.52447592947762,88.98177759572336,0.0,0.05755395683453238
EQ,2025-12,account_log,963,139,-0.7884300134266463,0.17717972688107214,1.1751204572070737,0.32223638829310874,0.7146797811772282,1.0830640975729378,0.0,0.0
EQ,2025-12,funding_bp,963,139,-0.529,0.5039,1.0,-0.1732,0.43779999999999997,1.0,0.0,0.0
EQ,2025-12,oi_ret1,963,139,-146.36464058727972,2.699086347615065,234.81996080284517,-120.41749974243032,5.076533414314355,231.15406145722915,0.007194244604316547,0.014388489208633094
EQ,2025-12,oi_change24,963,139,-670.5913245620795,7.536006794719441,889.497981812018,-292.905038380098,16.988603224401544,481.0966275688263,0.0,0.0
EQ,2025-12,local_volume_surprise,963,139,-1.0066556148733956,0.25090569189107015,1.755184761470556,-1.1294679165304022,0.31318078956073236,2.2036919067264567,0.02158273381294964,0.02877697841726619
EQ,2025-12,fx_ret1,963,139,-29.316771176441847,0.07030593628165605,27.885255959629163,-43.43344851539097,0.9467903813220602,24.707665814308143,0.02158273381294964,0.007194244604316547
CAP,2025-12,e_now,963,139,-20.42006732691394,0.2984705002619209,13.736094168566439,-14.602087274659977,-0.2009648732739447,16.40163269361342,0.0,0.02877697841726619
CAP,2025-12,e_change1,963,139,-16.845827764538527,0.0447932145018034,16.882191052326665,-20.156801426033855,0.37475063884617565,15.783775975427004,0.02877697841726619,0.007194244604316547
CAP,2025-12,e_rms72,963,139,4.831286984892416,7.012488876845653,10.09993389919835,4.9852532617325345,6.927808055517333,20.54142501006535,0.0,0.17985611510791366
CAP,2025-12,btc_vol24,963,139,17.3488156976641,34.24872096422096,83.6293694456358,19.690539625004554,47.52447592947762,88.98177759572336,0.0,0.05755395683453238
CAP,2025-12,account_log,963,139,-0.7884300134266463,0.17717972688107214,1.1751204572070737,0.32223638829310874,0.7146797811772282,1.0830640975729378,0.0,0.0
CAP,2025-12,funding_bp,963,139,-0.529,0.5039,1.0,-0.1732,0.43779999999999997,1.0,0.0,0.0
CAP,2025-12,oi_ret1,963,139,-146.36464058727972,2.699086347615065,234.81996080284517,-120.41749974243032,5.076533414314355,231.15406145722915,0.007194244604316547,0.014388489208633094
CAP,2025-12,oi_change24,963,139,-670.5913245620795,7.536006794719441,889.497981812018,-292.905038380098,16.988603224401544,481.0966275688263,0.0,0.0
CAP,2025-12,local_volume_surprise,963,139,-1.0066556148733956,0.25090569189107015,1.755184761470556,-1.1294679165304022,0.31318078956073236,2.2036919067264567,0.02158273381294964,0.02877697841726619
CAP,2025-12,fx_ret1,963,139,-29.316771176441847,0.07030593628165605,27.885255959629163,-43.43344851539097,0.9467903813220602,24.707665814308143,0.02158273381294964,0.007194244604316547
PCA,2025-12,e_now,963,139,-15.286248657777113,-0.017899635642098663,13.854710138093791,-49.535452232989506,-1.4887653919919537,19.008026932664656,0.08633093525179857,0.050359712230215826
PCA,2025-12,e_change1,963,139,-17.946437111137314,-0.16591304407790713,19.314264361715345,-26.41122581560856,1.108555287843852,25.28837257925562,0.05755395683453238,0.03597122302158273
PCA,2025-12,e_rms72,963,139,4.5032784533455,7.383134613001004,12.895669177577208,7.688177672088921,9.994318447481138,22.743250893218935,0.0,0.16546762589928057
PCA,2025-12,btc_vol24,963,139,17.3488156976641,34.24872096422096,83.6293694456358,19.690539625004554,47.52447592947762,88.98177759572336,0.0,0.05755395683453238
PCA,2025-12,account_log,963,139,-0.7884300134266463,0.17717972688107214,1.1751204572070737,0.32223638829310874,0.7146797811772282,1.0830640975729378,0.0,0.0
PCA,2025-12,funding_bp,963,139,-0.529,0.5039,1.0,-0.1732,0.43779999999999997,1.0,0.0,0.0
PCA,2025-12,oi_ret1,963,139,-146.36464058727972,2.699086347615065,234.81996080284517,-120.41749974243032,5.076533414314355,231.15406145722915,0.007194244604316547,0.014388489208633094
PCA,2025-12,oi_change24,963,139,-670.5913245620795,7.536006794719441,889.497981812018,-292.905038380098,16.988603224401544,481.0966275688263,0.0,0.0
PCA,2025-12,local_volume_surprise,963,139,-1.0066556148733956,0.25090569189107015,1.755184761470556,-1.1294679165304022,0.31318078956073236,2.2036919067264567,0.02158273381294964,0.02877697841726619
PCA,2025-12,fx_ret1,963,139,-29.316771176441847,0.07030593628165605,27.885255959629163,-43.43344851539097,0.9467903813220602,24.707665814308143,0.02158273381294964,0.007194244604316547
EQ,2026-01,e_now,1102,137,-21.99468984731645,0.20491205894609293,16.118512876594068,-18.097291154902155,-3.816478545343345,15.023834059078581,0.0072992700729927005,0.0
EQ,2026-01,e_change1,1102,137,-19.110952896556004,-0.0825077054135599,19.828496444684404,-19.360421015828088,0.011394164556534747,22.680950622018123,0.014598540145985401,0.014598540145985401
EQ,2026-01,e_rms72,1102,137,4.55604869364828,7.663584406464921,15.78393844332072,6.251031101844149,8.752626264903434,12.375922285099577,0.0,0.0
EQ,2026-01,btc_vol24,1102,137,17.565243580235762,35.36107330973179,85.32894920383747,17.558169870266347,38.94713746603069,87.6550654177103,0.014598540145985401,0.0364963503649635
EQ,2026-01,account_log,1102,137,-0.7849542352859784,0.3318269072305551,1.1608798619206044,-0.053984830067052514,0.7237267722981787,1.1164467648958103,0.0,0.0
EQ,2026-01,funding_bp,1102,137,-0.4498,0.49385,1.0,-0.2813,0.511,1.0,0.0,0.0
EQ,2026-01,oi_ret1,1102,137,-142.46297111929795,2.84607509873247,236.66131601466668,-100.65635511212676,6.036572169012544,131.89809375733003,0.0,0.0072992700729927005
EQ,2026-01,oi_change24,1102,137,-668.1946273932093,9.352584041231182,868.7425514238494,-348.23246340982837,17.57295494332567,573.407906167115,0.0,0.0
EQ,2026-01,local_volume_surprise,1102,137,-1.0512100041286838,0.256816019103411,1.8264916006143073,-0.9256549514124277,0.3448282032185137,1.8842849828505577,0.0072992700729927005,0.014598540145985401
EQ,2026-01,fx_ret1,1102,137,-30.38172567557007,0.14399801445907912,27.757468928497357,-33.38953485413114,-0.2717280545816436,25.16239147903429,0.021897810218978103,0.0072992700729927005
CAP,2026-01,e_now,1102,137,-16.962267022834954,0.187062667907228,14.494480241620119,-16.270874689721605,-4.635962847780461,10.383659022429804,0.0072992700729927005,0.0072992700729927005
CAP,2026-01,e_change1,1102,137,-17.747739689857507,0.09331347547905455,16.848906051270117,-15.494137370650561,-0.4312199661121827,14.420877693300193,0.0,0.0072992700729927005
CAP,2026-01,e_rms72,1102,137,4.8524714739392785,7.005176192514225,12.773923060106426,5.708822003614122,7.395824474449559,10.531338799024466,0.0,0.0
CAP,2026-01,btc_vol24,1102,137,17.565243580235762,35.36107330973179,85.32894920383747,17.558169870266347,38.94713746603069,87.6550654177103,0.014598540145985401,0.0364963503649635
CAP,2026-01,account_log,1102,137,-0.7849542352859784,0.3318269072305551,1.1608798619206044,-0.053984830067052514,0.7237267722981787,1.1164467648958103,0.0,0.0
CAP,2026-01,funding_bp,1102,137,-0.4498,0.49385,1.0,-0.2813,0.511,1.0,0.0,0.0
CAP,2026-01,oi_ret1,1102,137,-142.46297111929795,2.84607509873247,236.66131601466668,-100.65635511212676,6.036572169012544,131.89809375733003,0.0,0.0072992700729927005
CAP,2026-01,oi_change24,1102,137,-668.1946273932093,9.352584041231182,868.7425514238494,-348.23246340982837,17.57295494332567,573.407906167115,0.0,0.0
CAP,2026-01,local_volume_surprise,1102,137,-1.0512100041286838,0.256816019103411,1.8264916006143073,-0.9256549514124277,0.3448282032185137,1.8842849828505577,0.0072992700729927005,0.014598540145985401
CAP,2026-01,fx_ret1,1102,137,-30.38172567557007,0.14399801445907912,27.757468928497357,-33.38953485413114,-0.2717280545816436,25.16239147903429,0.021897810218978103,0.0072992700729927005
PCA,2026-01,e_now,1102,137,-21.921604979329206,0.17629517996435856,15.990327447057698,-18.028897797805534,-3.852546140237991,14.948097638223452,0.0072992700729927005,0.0
PCA,2026-01,e_change1,1102,137,-18.977299055999826,-0.11229442266237577,19.7327718882258,-19.222050722304317,0.00019576272676991024,22.500044435450313,0.014598540145985401,0.014598540145985401
PCA,2026-01,e_rms72,1102,137,4.552421126577742,7.630171658659637,15.675961102146868,6.192965059063443,8.692340647946178,12.295424723493463,0.0,0.0
PCA,2026-01,btc_vol24,1102,137,17.565243580235762,35.36107330973179,85.32894920383747,17.558169870266347,38.94713746603069,87.6550654177103,0.014598540145985401,0.0364963503649635
PCA,2026-01,account_log,1102,137,-0.7849542352859784,0.3318269072305551,1.1608798619206044,-0.053984830067052514,0.7237267722981787,1.1164467648958103,0.0,0.0
PCA,2026-01,funding_bp,1102,137,-0.4498,0.49385,1.0,-0.2813,0.511,1.0,0.0,0.0
PCA,2026-01,oi_ret1,1102,137,-142.46297111929795,2.84607509873247,236.66131601466668,-100.65635511212676,6.036572169012544,131.89809375733003,0.0,0.0072992700729927005
PCA,2026-01,oi_change24,1102,137,-668.1946273932093,9.352584041231182,868.7425514238494,-348.23246340982837,17.57295494332567,573.407906167115,0.0,0.0
PCA,2026-01,local_volume_surprise,1102,137,-1.0512100041286838,0.256816019103411,1.8264916006143073,-0.9256549514124277,0.3448282032185137,1.8842849828505577,0.0072992700729927005,0.014598540145985401
PCA,2026-01,fx_ret1,1102,137,-30.38172567557007,0.14399801445907912,27.757468928497357,-33.38953485413114,-0.2717280545816436,25.16239147903429,0.021897810218978103,0.0072992700729927005
EQ,2026-02,e_now,1239,128,-21.4857408486386,0.04947061007999222,16.456054184256164,-21.053806357871405,-0.9322717477645671,23.435393809420045,0.0078125,0.046875
EQ,2026-02,e_change1,1239,128,-19.419495042295807,-0.049147049864042835,20.078319459982804,-29.45450649517603,0.3903719261679073,28.205466396148857,0.09375,0.078125
EQ,2026-02,e_rms72,1239,128,4.59429370259392,7.805914339118616,15.519885672269687,10.28139642432869,14.040122337255857,18.268886531946514,0.0,0.1171875
EQ,2026-02,btc_vol24,1239,128,17.455422804554427,35.91460782642246,86.17488777932553,38.70741314459954,60.915173540597664,141.94858436212257,0.0,0.1328125
EQ,2026-02,account_log,1239,128,-0.7789788045901912,0.35077826565306547,1.1542013237620083,0.4227427391534139,0.7420060187493368,1.0571434607671364,0.0,0.0
EQ,2026-02,funding_bp,1239,128,-0.438932,0.4979,1.0,-0.9317000000000001,-0.005399999999999999,0.9173,0.1171875,0.0
EQ,2026-02,oi_ret1,1239,128,-140.33689538893162,3.5025297504809316,235.54442842716804,-166.99036636643535,11.470989536137566,165.78533743726456,0.03125,0.0
EQ,2026-02,oi_change24,1239,128,-663.6858098963365,10.023660264231182,864.1083505552189,-905.2535953171941,-10.094506727433838,661.9688456027709,0.0234375,0.0
EQ,2026-02,local_volume_surprise,1239,128,-1.0378081340359326,0.26806429815924027,1.8408826579320994,-1.1734086047749008,0.36775780618675835,1.7541516380267395,0.03125,0.0078125
EQ,2026-02,fx_ret1,1239,128,-31.21760058767631,0.13678580710774213,27.6681092566587,-34.74964919836543,-0.207845473849666,27.30558105239904,0.0390625,0.0078125
CAP,2026-02,e_now,1239,128,-16.85613366687227,0.24721974938962057,14.400092955926613,-18.29189397297076,-0.6080614427787153,12.49290424053241,0.0234375,0.0078125
CAP,2026-02,e_change1,1239,128,-17.619044730288326,-0.010029454087832512,16.946194647033757,-15.69203437371944,0.7169793499731321,19.74966778976987,0.0078125,0.03125
CAP,2026-02,e_rms72,1239,128,4.860085129453657,7.086235130651701,12.685548842402904,4.416228838837182,7.914231186004226,12.067459750954317,0.03125,0.0
CAP,2026-02,btc_vol24,1239,128,17.455422804554427,35.91460782642246,86.17488777932553,38.70741314459954,60.915173540597664,141.94858436212257,0.0,0.1328125
CAP,2026-02,account_log,1239,128,-0.7789788045901912,0.35077826565306547,1.1542013237620083,0.4227427391534139,0.7420060187493368,1.0571434607671364,0.0,0.0
CAP,2026-02,funding_bp,1239,128,-0.438932,0.4979,1.0,-0.9317000000000001,-0.005399999999999999,0.9173,0.1171875,0.0
CAP,2026-02,oi_ret1,1239,128,-140.33689538893162,3.5025297504809316,235.54442842716804,-166.99036636643535,11.470989536137566,165.78533743726456,0.03125,0.0
CAP,2026-02,oi_change24,1239,128,-663.6858098963365,10.023660264231182,864.1083505552189,-905.2535953171941,-10.094506727433838,661.9688456027709,0.0234375,0.0
CAP,2026-02,local_volume_surprise,1239,128,-1.0378081340359326,0.26806429815924027,1.8408826579320994,-1.1734086047749008,0.36775780618675835,1.7541516380267395,0.03125,0.0078125
CAP,2026-02,fx_ret1,1239,128,-31.21760058767631,0.13678580710774213,27.6681092566587,-34.74964919836543,-0.207845473849666,27.30558105239904,0.0390625,0.0078125
PCA,2026-02,e_now,1239,128,-21.398827259272927,-0.0013682166043765972,16.357058042965253,-20.925707765693573,-1.0253533479395966,23.209939341728067,0.0078125,0.046875
PCA,2026-02,e_change1,1239,128,-19.32247908737407,-0.06474917046398243,19.957354263919303,-29.10156971394392,0.38895854357276116,27.8257690637538,0.09375,0.078125
PCA,2026-02,e_rms72,1239,128,4.591180211922794,7.76467008574044,15.412131089030384,10.172450659280173,13.869193039803498,18.06918578904541,0.0,0.109375
PCA,2026-02,btc_vol24,1239,128,17.455422804554427,35.91460782642246,86.17488777932553,38.70741314459954,60.915173540597664,141.94858436212257,0.0,0.1328125
PCA,2026-02,account_log,1239,128,-0.7789788045901912,0.35077826565306547,1.1542013237620083,0.4227427391534139,0.7420060187493368,1.0571434607671364,0.0,0.0
PCA,2026-02,funding_bp,1239,128,-0.438932,0.4979,1.0,-0.9317000000000001,-0.005399999999999999,0.9173,0.1171875,0.0
PCA,2026-02,oi_ret1,1239,128,-140.33689538893162,3.5025297504809316,235.54442842716804,-166.99036636643535,11.470989536137566,165.78533743726456,0.03125,0.0
PCA,2026-02,oi_change24,1239,128,-663.6858098963365,10.023660264231182,864.1083505552189,-905.2535953171941,-10.094506727433838,661.9688456027709,0.0234375,0.0
PCA,2026-02,local_volume_surprise,1239,128,-1.0378081340359326,0.26806429815924027,1.8408826579320994,-1.1734086047749008,0.36775780618675835,1.7541516380267395,0.03125,0.0078125
PCA,2026-02,fx_ret1,1239,128,-31.21760058767631,0.13678580710774213,27.6681092566587,-34.74964919836543,-0.207845473849666,27.30558105239904,0.0390625,0.0078125
EQ,2026-03,e_now,1367,105,-21.318917337210245,-0.01018297105250178,17.080862926083647,-25.563056050997073,-5.148282740788284,18.6383229384739,0.06666666666666667,0.02857142857142857
EQ,2026-03,e_change1,1367,105,-21.68408969204054,-0.03249021166117849,22.658109994801745,-24.912709979983017,-1.536307814814343,25.56283383277843,0.047619047619047616,0.0380952380952381
EQ,2026-03,e_rms72,1367,105,4.706212575325938,8.0254522832203,17.17790771023281,10.47104886905599,12.920643054704332,15.8818383006967,0.0,0.0
EQ,2026-03,btc_vol24,1367,105,17.607449206665525,37.50273059310934,91.14367985735164,34.40245606384713,55.38277541470815,97.39717462255389,0.0,0.05714285714285714
EQ,2026-03,account_log,1367,105,-0.7776221371072897,0.4059954074745972,1.1420268938737932,-0.20298449059831858,0.16224214969777964,0.7677885853466448,0.0,0.0
EQ,2026-03,funding_bp,1367,105,-0.5567,0.45630000000000004,1.0,-1.1052,-0.1956,0.7139000000000001,0.18095238095238095,0.0
EQ,2026-03,oi_ret1,1367,105,-146.36813658523025,3.9207586693379426,229.10579330819246,-254.25677280420726,10.956085960955875,253.1647025192959,0.0380952380952381,0.02857142857142857
EQ,2026-03,oi_change24,1367,105,-668.9719450113166,8.221424730425753,854.5844506816902,-960.248819503203,93.36126935957978,1505.7196674811632,0.05714285714285714,0.0761904761904762
EQ,2026-03,local_volume_surprise,1367,105,-1.1051013729650287,0.2730554143045243,1.8343839637484636,-0.6744529829431294,0.424118859808825,1.8227392224092371,0.0,0.0
EQ,2026-03,fx_ret1,1367,105,-33.40969981903239,0.13577548166665565,27.600485721213253,-44.760379586596244,0.20111080200280185,60.03812619277824,0.0380952380952381,0.05714285714285714
CAP,2026-03,e_now,1367,105,-17.287181132097725,0.25819364355789426,14.502525709044953,-18.99855083384626,-4.607941988614741,19.084798738339376,0.0380952380952381,0.0380952380952381
CAP,2026-03,e_change1,1367,105,-17.517214892752598,0.030881799717189296,17.072183181664716,-20.239254042950353,-0.07255398014521308,21.192737735067556,0.01904761904761905,0.05714285714285714
CAP,2026-03,e_rms72,1367,105,4.833510299507244,7.224071762924752,12.485817428164575,7.503340500315423,9.74546067734698,10.54816195730962,0.0,0.0
CAP,2026-03,btc_vol24,1367,105,17.607449206665525,37.50273059310934,91.14367985735164,34.40245606384713,55.38277541470815,97.39717462255389,0.0,0.05714285714285714
CAP,2026-03,account_log,1367,105,-0.7776221371072897,0.4059954074745972,1.1420268938737932,-0.20298449059831858,0.16224214969777964,0.7677885853466448,0.0,0.0
CAP,2026-03,funding_bp,1367,105,-0.5567,0.45630000000000004,1.0,-1.1052,-0.1956,0.7139000000000001,0.18095238095238095,0.0
CAP,2026-03,oi_ret1,1367,105,-146.36813658523025,3.9207586693379426,229.10579330819246,-254.25677280420726,10.956085960955875,253.1647025192959,0.0380952380952381,0.02857142857142857
CAP,2026-03,oi_change24,1367,105,-668.9719450113166,8.221424730425753,854.5844506816902,-960.248819503203,93.36126935957978,1505.7196674811632,0.05714285714285714,0.0761904761904762
CAP,2026-03,local_volume_surprise,1367,105,-1.1051013729650287,0.2730554143045243,1.8343839637484636,-0.6744529829431294,0.424118859808825,1.8227392224092371,0.0,0.0
CAP,2026-03,fx_ret1,1367,105,-33.40969981903239,0.13577548166665565,27.600485721213253,-44.760379586596244,0.20111080200280185,60.03812619277824,0.0380952380952381,0.05714285714285714
PCA,2026-03,e_now,1367,105,-21.18322311045186,-0.0334779269104357,16.926058308948992,-25.29355959968888,-4.968275728399503,18.39722292135368,0.06666666666666667,0.02857142857142857
PCA,2026-03,e_change1,1367,105,-21.32751438884176,-0.06030639633733248,22.479233966392993,-24.570619643157315,-1.6036314162922292,25.33522321305791,0.047619047619047616,0.0380952380952381
PCA,2026-03,e_rms72,1367,105,4.703182290083511,7.974218544689782,16.99878148033475,10.302568632577369,12.774132672169245,15.67547158884966,0.0,0.0
PCA,2026-03,btc_vol24,1367,105,17.607449206665525,37.50273059310934,91.14367985735164,34.40245606384713,55.38277541470815,97.39717462255389,0.0,0.05714285714285714
PCA,2026-03,account_log,1367,105,-0.7776221371072897,0.4059954074745972,1.1420268938737932,-0.20298449059831858,0.16224214969777964,0.7677885853466448,0.0,0.0
PCA,2026-03,funding_bp,1367,105,-0.5567,0.45630000000000004,1.0,-1.1052,-0.1956,0.7139000000000001,0.18095238095238095,0.0
PCA,2026-03,oi_ret1,1367,105,-146.36813658523025,3.9207586693379426,229.10579330819246,-254.25677280420726,10.956085960955875,253.1647025192959,0.0380952380952381,0.02857142857142857
PCA,2026-03,oi_change24,1367,105,-668.9719450113166,8.221424730425753,854.5844506816902,-960.248819503203,93.36126935957978,1505.7196674811632,0.05714285714285714,0.0761904761904762
PCA,2026-03,local_volume_surprise,1367,105,-1.1051013729650287,0.2730554143045243,1.8343839637484636,-0.6744529829431294,0.424118859808825,1.8227392224092371,0.0,0.0
PCA,2026-03,fx_ret1,1367,105,-33.40969981903239,0.13577548166665565,27.600485721213253,-44.760379586596244,0.20111080200280185,60.03812619277824,0.0380952380952381,0.05714285714285714
