scope,method,variant,n,status,term,coef_raw,effect_bp_per_sd
core,sequential_ols,Aug_Nov,926,estimated,e_origin,0.39307792698822475,3.6925911362791726
core,sequential_ols,Aug_Nov,926,estimated,downside,45.21732338169721,0.0007788625501189063
core,sequential_ols,Aug_Nov,926,estimated,btc_vol,-1038.1883909766834,-2.031822498005351
core,sequential_ols,Aug_Nov,926,estimated,account_ls,2.359693201135915,1.4305139709591173
core,sequential_ols,Dec_Mar,803,estimated,e_origin,0.2706691335672008,2.54267760882068
core,sequential_ols,Dec_Mar,803,estimated,downside,-321235.82521011005,-5.533245563888715
core,sequential_ols,Dec_Mar,803,estimated,btc_vol,1060.3195360648351,2.0751350209419877
core,sequential_ols,Dec_Mar,803,estimated,account_ls,4.716693697719434,2.8593955468763648
core,sequential_ols,exclude_top1_downside_days,1719,estimated,e_origin,0.3746616029059932,3.5195873871499828
core,sequential_ols,exclude_top1_downside_days,1719,estimated,downside,-148517.98717214697,-2.558203130489755
core,sequential_ols,exclude_top1_downside_days,1719,estimated,btc_vol,-830.0331014016197,-1.6244449891511497
core,sequential_ols,exclude_top1_downside_days,1719,estimated,account_ls,2.1282262208569955,1.290192021925523
core,sequential_ols,exclude_top5_downside_days,1679,estimated,e_origin,0.32776208969240594,3.079011320935285
core,sequential_ols,exclude_top5_downside_days,1679,estimated,downside,122524.71082274093,2.1104723054573613
core,sequential_ols,exclude_top5_downside_days,1679,estimated,btc_vol,-1640.0643145508088,-3.209744591099843
core,sequential_ols,exclude_top5_downside_days,1679,estimated,account_ls,1.23078081152634,0.7461347709224587
core,joint_ols,Aug_Nov,926,estimated,e_origin,0.4078152244816846,3.847715576017067
core,joint_ols,Aug_Nov,926,estimated,downside,5956.098306059213,0.10259302339186922
core,joint_ols,Aug_Nov,926,estimated,btc_vol,-1036.8423531155595,-2.0291881880543166
core,joint_ols,Aug_Nov,926,estimated,account_ls,2.224419539109918,1.3485071815435112
core,joint_ols,Dec_Mar,803,estimated,e_origin,0.2684873987447467,2.533164737602539
core,joint_ols,Dec_Mar,803,estimated,downside,-322778.2829176546,-5.559814198511502
core,joint_ols,Dec_Mar,803,estimated,btc_vol,1074.3813848918958,2.1026552485410397
core,joint_ols,Dec_Mar,803,estimated,account_ls,4.781058140089629,2.8984151253534454
core,joint_ols,exclude_top1_downside_days,1719,estimated,e_origin,0.3805004427027459,3.5900020209630434
core,joint_ols,exclude_top1_downside_days,1719,estimated,downside,-144212.71572231827,-2.4840453862981784
core,joint_ols,exclude_top1_downside_days,1719,estimated,btc_vol,-831.7124662143879,-1.6277316481415578
core,joint_ols,exclude_top1_downside_days,1719,estimated,account_ls,2.041529729904574,1.2376341124986243
core,joint_ols,exclude_top5_downside_days,1679,estimated,e_origin,0.33864864028494296,3.195132427136486
core,joint_ols,exclude_top5_downside_days,1679,estimated,downside,131873.03403442458,2.2714959643441426
core,joint_ols,exclude_top5_downside_days,1679,estimated,btc_vol,-1720.7416814229296,-3.3676370222956837
core,joint_ols,exclude_top5_downside_days,1679,estimated,account_ls,1.2201695050025125,0.7397018913323673
core,pca,Aug_Nov,926,estimated,e_origin,0.39624637160504544,3.7041472985329755
core,pca,Aug_Nov,926,estimated,downside,4141.114234448181,0.07133015737684185
core,pca,Aug_Nov,926,estimated,btc_vol,-1056.8632425325734,-2.068370762143107
core,pca,Aug_Nov,926,estimated,account_ls,2.3314893129586265,1.4134159617545485
core,pca,Dec_Mar,803,estimated,e_origin,0.2704046912570591,2.527767768757848
core,pca,Dec_Mar,803,estimated,downside,-323196.91197098524,-5.567025029839987
core,pca,Dec_Mar,803,estimated,btc_vol,1107.1011127896088,2.1666905236885925
core,pca,Dec_Mar,803,estimated,account_ls,4.808258341839904,2.914904670942654
core,pca,exclude_top1_downside_days,1719,estimated,e_origin,0.3782182006776174,3.5356183089353506
core,pca,exclude_top1_downside_days,1719,estimated,downside,-145680.78899556884,-2.509332758655742
core,pca,exclude_top1_downside_days,1719,estimated,btc_vol,-805.7668743376948,-1.5769539301885223
core,pca,exclude_top1_downside_days,1719,estimated,account_ls,2.0710157186344604,1.2555093679790152
core,pca,exclude_top5_downside_days,1679,estimated,e_origin,0.32946931797817086,3.07990929783142
core,pca,exclude_top5_downside_days,1679,estimated,downside,122197.56737778938,2.1048373019070894
core,pca,exclude_top5_downside_days,1679,estimated,btc_vol,-1645.473867573952,-3.220331543942029
core,pca,exclude_top5_downside_days,1679,estimated,account_ls,1.2356080666877776,0.7490611920124958
core,seq_xgb,Aug_Nov,926,estimated,e_origin,0.37221210221006473,3.4512493735915672
core,seq_xgb,Aug_Nov,926,estimated,downside,-10098.653498317608,-0.17394800108072297
core,seq_xgb,Aug_Nov,926,estimated,btc_vol,-879.1828267590537,-1.720635159085598
core,seq_xgb,Aug_Nov,926,estimated,account_ls,2.4740015545050555,1.4998109865258746
core,seq_xgb,Dec_Mar,803,estimated,e_origin,0.27695422728771146,2.5679930818069048
core,seq_xgb,Dec_Mar,803,estimated,downside,-324967.83168416104,-5.597528892977056
core,seq_xgb,Dec_Mar,803,estimated,btc_vol,1431.123600441851,2.800829939996391
core,seq_xgb,Dec_Mar,803,estimated,account_ls,6.501977039481643,3.941685719718339
core,seq_xgb,exclude_top1_downside_days,1719,estimated,e_origin,0.36593789135244176,3.3930732257350638
core,seq_xgb,exclude_top1_downside_days,1719,estimated,downside,-149920.25077247884,-2.5823569397383466
core,seq_xgb,exclude_top1_downside_days,1719,estimated,btc_vol,-790.5391111671534,-1.5471519095985056
core,seq_xgb,exclude_top1_downside_days,1719,estimated,account_ls,2.4602506595186147,1.4914747979985583
core,seq_xgb,exclude_top5_downside_days,1679,estimated,e_origin,0.3362019243347976,3.1173534494746327
core,seq_xgb,exclude_top5_downside_days,1679,estimated,downside,74444.73219262793,1.2823008887328105
core,seq_xgb,exclude_top5_downside_days,1679,estimated,btc_vol,-1371.7753289036482,-2.6846803525254606
core,seq_xgb,exclude_top5_downside_days,1679,estimated,account_ls,1.897241350452445,1.1501623417811597
core,seq_mlp,Aug_Nov,926,estimated,e_origin,0.37238169225926293,3.483751626978804
core,seq_mlp,Aug_Nov,926,estimated,downside,11808.787232537923,0.20340483358793732
core,seq_mlp,Aug_Nov,926,estimated,btc_vol,-1016.1021565543584,-1.98859786904058
core,seq_mlp,Aug_Nov,926,estimated,account_ls,2.4511964859818516,1.4859858972662119
core,seq_mlp,Dec_Mar,803,estimated,e_origin,0.29369095679313684,2.747574249285886
core,seq_mlp,Dec_Mar,803,estimated,downside,-323407.80588221544,-5.570657650199196
core,seq_mlp,Dec_Mar,803,estimated,btc_vol,1455.2226288324237,2.8479937770124946
core,seq_mlp,Dec_Mar,803,estimated,account_ls,5.931524907317348,3.5958612098067904
core,seq_mlp,exclude_top1_downside_days,1719,estimated,e_origin,0.3624954678411158,3.391262787926484
core,seq_mlp,exclude_top1_downside_days,1719,estimated,downside,-144110.3066447867,-2.4822814031758633
core,seq_mlp,exclude_top1_downside_days,1719,estimated,btc_vol,-921.9512470466177,-1.8043365752251785
core,seq_mlp,exclude_top1_downside_days,1719,estimated,account_ls,2.534160221855729,1.5362809030718025
core,seq_mlp,exclude_top5_downside_days,1679,estimated,e_origin,0.3322649223202209,3.1084462200551757
core,seq_mlp,exclude_top5_downside_days,1679,estimated,downside,82226.66218346554,1.416343626874271
core,seq_mlp,exclude_top5_downside_days,1679,estimated,btc_vol,-1373.5069136155516,-2.688069210275582
core,seq_mlp,exclude_top5_downside_days,1679,estimated,account_ls,2.1096408208522823,1.2789250172361812
core,seq_spline,Aug_Nov,926,estimated,e_origin,0.3216839406049916,2.959094346252984
core,seq_spline,Aug_Nov,926,estimated,downside,10919.87735526091,0.1880934758590077
core,seq_spline,Aug_Nov,926,estimated,btc_vol,-797.6072363449817,-1.5609848284404504
core,seq_spline,Aug_Nov,926,estimated,account_ls,2.0962470805500057,1.2708053461634412
core,seq_spline,Dec_Mar,803,estimated,e_origin,0.26553939689730316,2.4426339921988762
core,seq_spline,Dec_Mar,803,estimated,downside,-335088.7542579427,-5.7718604760039804
core,seq_spline,Dec_Mar,803,estimated,btc_vol,1277.338991112401,2.499860451415818
core,seq_spline,Dec_Mar,803,estimated,account_ls,5.657081438338623,3.429485675723138
core,seq_spline,exclude_top1_downside_days,1719,estimated,e_origin,0.35870317664148776,3.299625526803004
core,seq_spline,exclude_top1_downside_days,1719,estimated,downside,-151443.7974044744,-2.60859983352939
core,seq_spline,exclude_top1_downside_days,1719,estimated,btc_vol,-856.2525777428664,-1.6757587221682824
core,seq_spline,exclude_top1_downside_days,1719,estimated,account_ls,2.638087418087777,1.5992845622343528
core,seq_spline,exclude_top5_downside_days,1679,estimated,e_origin,0.30560182310979234,2.811158758090514
core,seq_spline,exclude_top5_downside_days,1679,estimated,downside,47808.68310531775,0.8234983863796497
core,seq_spline,exclude_top5_downside_days,1679,estimated,btc_vol,-1340.1310180966811,-2.622749759590412
core,seq_spline,exclude_top5_downside_days,1679,estimated,account_ls,1.820040758034538,1.103361119500664
core,joint_xgb,Aug_Nov,926,estimated,e_origin,0.375439135892081,3.5099084236784868
core,joint_xgb,Aug_Nov,926,estimated,downside,-14883.844534360336,-0.2563722981068261
core,joint_xgb,Aug_Nov,926,estimated,btc_vol,-905.2900199932732,-1.771729144564628
core,joint_xgb,Aug_Nov,926,estimated,account_ls,2.587678629758546,1.5687253031199169
core,joint_xgb,Dec_Mar,803,estimated,e_origin,0.28996879444847706,2.7108626057864114
core,joint_xgb,Dec_Mar,803,estimated,downside,-271650.84837159805,-4.679150747571863
core,joint_xgb,Dec_Mar,803,estimated,btc_vol,1156.8130549175698,2.2639809993989877
core,joint_xgb,Dec_Mar,803,estimated,account_ls,6.413315160819419,3.8879363356642003
core,joint_xgb,exclude_top1_downside_days,1719,estimated,e_origin,0.3588339005396862,3.3546692654004127
core,joint_xgb,exclude_top1_downside_days,1719,estimated,downside,-121299.79587661232,-2.0893733038520015
core,joint_xgb,exclude_top1_downside_days,1719,estimated,btc_vol,-880.6733072308266,-1.7235521554435873
core,joint_xgb,exclude_top1_downside_days,1719,estimated,account_ls,2.7351759755028193,1.6581424416127513
core,joint_xgb,exclude_top5_downside_days,1679,estimated,e_origin,0.347572772808443,3.2493911435815632
core,joint_xgb,exclude_top5_downside_days,1679,estimated,downside,81032.80640973551,1.3957796154985351
core,joint_xgb,exclude_top5_downside_days,1679,estimated,btc_vol,-1467.5107992005708,-2.872042765837958
core,joint_xgb,exclude_top5_downside_days,1679,estimated,account_ls,2.2390779383958668,1.3573935253107232
core,joint_mlp,Aug_Nov,926,estimated,e_origin,0.4078125008105268,3.8839283739176778
core,joint_mlp,Aug_Nov,926,estimated,downside,5959.723008497514,0.10265545842281268
core,joint_mlp,Aug_Nov,926,estimated,btc_vol,-1036.8944970511313,-2.0292902381469107
core,joint_mlp,Aug_Nov,926,estimated,account_ls,2.224419394467972,1.3485070938573982
core,joint_mlp,Dec_Mar,803,estimated,e_origin,0.31111543944826936,2.96300402865387
core,joint_mlp,Dec_Mar,803,estimated,downside,-290935.76314411586,-5.011330911615558
core,joint_mlp,Dec_Mar,803,estimated,btc_vol,1055.5579418513241,2.065816178298908
core,joint_mlp,Dec_Mar,803,estimated,account_ls,4.792945746119615,2.9056217344579545
core,joint_mlp,exclude_top1_downside_days,1719,estimated,e_origin,0.39333848717112657,3.746080632255005
core,joint_mlp,exclude_top1_downside_days,1719,estimated,downside,-142558.76000366444,-2.4555562128471045
core,joint_mlp,exclude_top1_downside_days,1719,estimated,btc_vol,-788.8926565958343,-1.54392965873438
core,joint_mlp,exclude_top1_downside_days,1719,estimated,account_ls,2.1004292736297074,1.2733407120435827
core,joint_mlp,exclude_top5_downside_days,1679,estimated,e_origin,0.3365194085498593,3.2049465787416977
core,joint_mlp,exclude_top5_downside_days,1679,estimated,downside,102408.27572342797,1.7639693112731822
core,joint_mlp,exclude_top5_downside_days,1679,estimated,btc_vol,-1464.0624826817364,-2.8652941187291034
core,joint_mlp,exclude_top5_downside_days,1679,estimated,account_ls,1.332225272571834,0.8076333245192314
core,joint_tensor,Aug_Nov,926,estimated,e_origin,0.36606384967739797,3.6126161241715526
core,joint_tensor,Aug_Nov,926,estimated,downside,-31420.914761502256,-0.5412211950634453
core,joint_tensor,Aug_Nov,926,estimated,btc_vol,-886.2151094139637,-1.734397931078393
core,joint_tensor,Aug_Nov,926,estimated,account_ls,2.1582417287060425,1.3083882871445884
core,joint_tensor,Dec_Mar,803,estimated,e_origin,0.29791829428163763,2.9401002982294266
core,joint_tensor,Dec_Mar,803,estimated,downside,-251505.19275927945,-4.332144433828425
core,joint_tensor,Dec_Mar,803,estimated,btc_vol,848.9530509750781,1.6614729308413039
core,joint_tensor,Dec_Mar,803,estimated,account_ls,5.678205959714861,3.4422919689073477
core,joint_tensor,exclude_top1_downside_days,1719,estimated,e_origin,0.42772527616164935,4.2211412865243405
core,joint_tensor,exclude_top1_downside_days,1719,estimated,downside,-101920.25775312864,-1.7555632648196444
core,joint_tensor,exclude_top1_downside_days,1719,estimated,btc_vol,-810.5291058851453,-1.5862740201480314
core,joint_tensor,exclude_top1_downside_days,1719,estimated,account_ls,2.527314617047533,1.5321309003031907
core,joint_tensor,exclude_top5_downside_days,1679,estimated,e_origin,0.32120351359259075,3.1698978016205785
core,joint_tensor,exclude_top5_downside_days,1679,estimated,downside,88335.61157879679,1.521569490520171
core,joint_tensor,exclude_top5_downside_days,1679,estimated,btc_vol,-1664.433505160669,-3.257437158431206
core,joint_tensor,exclude_top5_downside_days,1679,estimated,account_ls,2.304915155057361,1.3973059419748863
core,seq_selected,Aug_Nov,926,estimated,e_origin,0.3754977091940389,3.5130426919487063
core,seq_selected,Aug_Nov,926,estimated,downside,10689.183412138998,0.18411980250996454
core,seq_selected,Aug_Nov,926,estimated,btc_vol,-992.3150305019547,-1.9420444512830426
core,seq_selected,Aug_Nov,926,estimated,account_ls,2.391796361612748,1.449975831319585
core,seq_selected,Dec_Mar,803,estimated,e_origin,0.2859313115614153,2.675086638041426
core,seq_selected,Dec_Mar,803,estimated,downside,-333946.5464523637,-5.752186094203242
core,seq_selected,Dec_Mar,803,estimated,btc_vol,1456.9405482731866,2.851355890671095
core,seq_selected,Dec_Mar,803,estimated,account_ls,6.249508659629832,3.78863211748328
core,seq_selected,exclude_top1_downside_days,1719,estimated,e_origin,0.3816595603751581,3.570691102926149
core,seq_selected,exclude_top1_downside_days,1719,estimated,downside,-140227.2564674872,-2.4153963658241095
core,seq_selected,exclude_top1_downside_days,1719,estimated,btc_vol,-863.453098176121,-1.6898507497239657
core,seq_selected,exclude_top1_downside_days,1719,estimated,account_ls,2.5175140652892143,1.526189523599374
core,seq_selected,exclude_top5_downside_days,1679,estimated,e_origin,0.33899312578909935,3.1715168801704894
core,seq_selected,exclude_top5_downside_days,1679,estimated,downside,93236.83628192413,1.6059924524624236
core,seq_selected,exclude_top5_downside_days,1679,estimated,btc_vol,-1343.7828362153552,-2.629896676543669
core,seq_selected,exclude_top5_downside_days,1679,estimated,account_ls,2.0204149046497215,1.2248336973824192
core,seq_shrunk,Aug_Nov,926,estimated,e_origin,0.37351086536746386,3.461100137317354
core,seq_shrunk,Aug_Nov,926,estimated,downside,11337.931778859374,0.19529440926463665
core,seq_shrunk,Aug_Nov,926,estimated,btc_vol,-931.1808610309241,-1.8223997104944687
core,seq_shrunk,Aug_Nov,926,estimated,account_ls,2.2440197698586166,1.3603894058540862
core,seq_shrunk,Dec_Mar,803,estimated,e_origin,0.2859313115614153,2.6495531816321614
core,seq_shrunk,Dec_Mar,803,estimated,downside,-333946.5464523637,-5.752186094203242
core,seq_shrunk,Dec_Mar,803,estimated,btc_vol,1456.9405482731866,2.851355890671095
core,seq_shrunk,Dec_Mar,803,estimated,account_ls,6.249508659629832,3.78863211748328
core,seq_shrunk,exclude_top1_downside_days,1719,estimated,e_origin,0.3716434401987833,3.4437958334615844
core,seq_shrunk,exclude_top1_downside_days,1719,estimated,downside,-146923.0506975538,-2.530730555888355
core,seq_shrunk,exclude_top1_downside_days,1719,estimated,btc_vol,-836.5157042579109,-1.6371319912824824
core,seq_shrunk,exclude_top1_downside_days,1719,estimated,account_ls,2.394689637219665,1.4517298183105791
core,seq_shrunk,exclude_top5_downside_days,1679,estimated,e_origin,0.3286035287910747,3.0449709073465345
core,seq_shrunk,exclude_top5_downside_days,1679,estimated,downside,89000.6649269964,1.5330249484731187
core,seq_shrunk,exclude_top5_downside_days,1679,estimated,btc_vol,-1314.6664217271978,-2.572913390530778
core,seq_shrunk,exclude_top5_downside_days,1679,estimated,account_ls,2.0315856563282404,1.2316057287357085
core,joint_selected,Aug_Nov,926,estimated,e_origin,0.3680898661954042,3.4818518968558836
core,joint_selected,Aug_Nov,926,estimated,downside,-42872.26195583516,-0.7384691701986851
core,joint_selected,Aug_Nov,926,estimated,btc_vol,-759.6656644429431,-1.4867299628782125
core,joint_selected,Aug_Nov,926,estimated,account_ls,2.118431589003469,1.284254234038468
core,joint_selected,Dec_Mar,803,estimated,e_origin,0.3288506328621799,3.1106784102706033
core,joint_selected,Dec_Mar,803,estimated,downside,-250324.96076163938,-4.311815090234727
core,joint_selected,Dec_Mar,803,estimated,btc_vol,1029.9701539907164,2.01573871307079
core,joint_selected,Dec_Mar,803,estimated,account_ls,6.522810192469545,3.9543153769949613
core,joint_selected,exclude_top1_downside_days,1719,estimated,e_origin,0.41585266213279865,3.9336518427567952
core,joint_selected,exclude_top1_downside_days,1719,estimated,downside,-98415.91787418978,-1.6952014634022148
core,joint_selected,exclude_top1_downside_days,1719,estimated,btc_vol,-786.3558211944827,-1.538964857271561
core,joint_selected,exclude_top1_downside_days,1719,estimated,account_ls,2.54770234439907,1.544490527732061
core,joint_selected,exclude_top5_downside_days,1679,estimated,e_origin,0.3261306768248424,3.0849496821590265
core,joint_selected,exclude_top5_downside_days,1679,estimated,downside,116087.15978847494,1.9995863210583258
core,joint_selected,exclude_top5_downside_days,1679,estimated,btc_vol,-1741.4983486209137,-3.408259575738801
core,joint_selected,exclude_top5_downside_days,1679,estimated,account_ls,2.0317528103762927,1.2317070623331976
core,joint_shrunk,Aug_Nov,926,estimated,e_origin,0.36809025627157693,3.4849730237053067
core,joint_shrunk,Aug_Nov,926,estimated,downside,-42872.41102529917,-0.7384717379009328
core,joint_shrunk,Aug_Nov,926,estimated,btc_vol,-759.6622718073423,-1.48672332320337
core,joint_shrunk,Aug_Nov,926,estimated,account_ls,2.1184217155828815,1.2842482484865814
core,joint_shrunk,Dec_Mar,803,estimated,e_origin,0.3160229389293056,2.992014589563429
core,joint_shrunk,Dec_Mar,803,estimated,downside,-269460.6852692634,-4.641425471251081
core,joint_shrunk,Dec_Mar,803,estimated,btc_vol,926.0537628326224,1.812365545636401
core,joint_shrunk,Dec_Mar,803,estimated,account_ls,6.160772452300013,3.734837673250392
core,joint_shrunk,exclude_top1_downside_days,1719,estimated,e_origin,0.4016789966732298,3.802981588739522
core,joint_shrunk,exclude_top1_downside_days,1719,estimated,downside,-132458.18852876866,-2.2815751748677546
core,joint_shrunk,exclude_top1_downside_days,1719,estimated,btc_vol,-787.1743939995841,-1.5405668734914648
core,joint_shrunk,exclude_top1_downside_days,1719,estimated,account_ls,2.2751940813726756,1.3792881712251206
core,joint_shrunk,exclude_top5_downside_days,1679,estimated,e_origin,0.32668654606194125,3.092974564894067
core,joint_shrunk,exclude_top5_downside_days,1679,estimated,downside,110218.65382819591,1.8985020644996757
core,joint_shrunk,exclude_top5_downside_days,1679,estimated,btc_vol,-1668.1282825102398,-3.2646681502331045
core,joint_shrunk,exclude_top5_downside_days,1679,estimated,account_ls,1.871980173162351,1.1348482886580846
full_macro,sequential_ols,Aug_Nov,152,estimated,e_origin,0.23914351781299895,1.9757817207672095
full_macro,sequential_ols,Aug_Nov,152,estimated,downside,367362.5351366827,5.883400808070943
full_macro,sequential_ols,Aug_Nov,152,estimated,btc_vol,-3212.438450036939,-6.008364696394387
full_macro,sequential_ols,Aug_Nov,152,estimated,account_ls,3.200484274640369,1.7997579872179934
full_macro,sequential_ols,Dec_Mar,85,insufficient,,,
full_macro,sequential_ols,exclude_top1_downside_days,236,estimated,e_origin,0.4815520877403752,3.978539001415509
full_macro,sequential_ols,exclude_top1_downside_days,236,estimated,downside,-104420.50835971037,-1.6723199687037258
full_macro,sequential_ols,exclude_top1_downside_days,236,estimated,btc_vol,-1127.661073491365,-2.1091140231451924
full_macro,sequential_ols,exclude_top1_downside_days,236,estimated,account_ls,2.891879177695053,1.6262172226141973
full_macro,sequential_ols,exclude_top5_downside_days,232,estimated,e_origin,0.4210269007999679,3.4784854808497307
full_macro,sequential_ols,exclude_top5_downside_days,232,estimated,downside,114491.3548330927,1.833607036960185
full_macro,sequential_ols,exclude_top5_downside_days,232,estimated,btc_vol,-1752.559613203865,-3.2778892022599293
full_macro,sequential_ols,exclude_top5_downside_days,232,estimated,account_ls,2.392064582093666,1.345151848323987
full_macro,joint_ols,Aug_Nov,152,estimated,e_origin,0.2599556343334864,2.160054356638343
full_macro,joint_ols,Aug_Nov,152,estimated,downside,355921.4759103788,5.70016944760524
full_macro,joint_ols,Aug_Nov,152,estimated,btc_vol,-3056.7162696614005,-5.7171106644289855
full_macro,joint_ols,Aug_Nov,152,estimated,account_ls,3.0469619756893946,1.7134263698617007
full_macro,joint_ols,Dec_Mar,85,insufficient,,,
full_macro,joint_ols,exclude_top1_downside_days,236,estimated,e_origin,0.48783923774928944,4.053611969370345
full_macro,joint_ols,exclude_top1_downside_days,236,estimated,downside,-106988.67447583686,-1.7134497768842396
full_macro,joint_ols,exclude_top1_downside_days,236,estimated,btc_vol,-1093.6154089164947,-2.0454369216914405
full_macro,joint_ols,exclude_top1_downside_days,236,estimated,account_ls,2.8677668390066855,1.6126579077040275
full_macro,joint_ols,exclude_top5_downside_days,232,estimated,e_origin,0.4621209721393708,3.839910689848854
full_macro,joint_ols,exclude_top5_downside_days,232,estimated,downside,138368.20897721782,2.2160006931708573
full_macro,joint_ols,exclude_top5_downside_days,232,estimated,btc_vol,-1839.814314705841,-3.4410855019720294
full_macro,joint_ols,exclude_top5_downside_days,232,estimated,account_ls,2.1805284411191646,1.2261967694564582
full_macro,pca,Aug_Nov,152,estimated,e_origin,0.23910703743010137,1.9672751769760028
full_macro,pca,Aug_Nov,152,estimated,downside,369499.8486463642,5.917630406430183
full_macro,pca,Aug_Nov,152,estimated,btc_vol,-3225.244675485815,-6.032316742193182
full_macro,pca,Aug_Nov,152,estimated,account_ls,3.1979655601818986,1.7983416151707778
full_macro,pca,Dec_Mar,85,insufficient,,,
full_macro,pca,exclude_top1_downside_days,236,estimated,e_origin,0.4792507695620447,3.943079855111638
full_macro,pca,exclude_top1_downside_days,236,estimated,downside,-104465.69936548219,-1.6730437137088514
full_macro,pca,exclude_top1_downside_days,236,estimated,btc_vol,-1067.9638659816246,-1.9974597145402355
full_macro,pca,exclude_top1_downside_days,236,estimated,account_ls,2.749318035139845,1.5460494939321092
full_macro,pca,exclude_top5_downside_days,232,estimated,e_origin,0.42055127357105504,3.4601243444532184
full_macro,pca,exclude_top5_downside_days,232,estimated,downside,108642.7749030698,1.7399405995986243
full_macro,pca,exclude_top5_downside_days,232,estimated,btc_vol,-1685.7302890662654,-3.1528953827432833
full_macro,pca,exclude_top5_downside_days,232,estimated,account_ls,2.4062631097305562,1.353136237975175
full_macro,seq_xgb,Aug_Nov,152,estimated,e_origin,0.2606272401357135,2.0982409088225387
full_macro,seq_xgb,Aug_Nov,152,estimated,downside,336012.92227263947,5.381329094121129
full_macro,seq_xgb,Aug_Nov,152,estimated,btc_vol,-2691.983365861576,-5.0349346984492875
full_macro,seq_xgb,Aug_Nov,152,estimated,account_ls,3.441656416840841,1.9353785533488945
full_macro,seq_xgb,Dec_Mar,85,insufficient,,,
full_macro,seq_xgb,exclude_top1_downside_days,236,estimated,e_origin,0.48727860845964754,3.9229510688589397
full_macro,seq_xgb,exclude_top1_downside_days,236,estimated,downside,-51273.84315819906,-0.8211631329188545
full_macro,seq_xgb,exclude_top1_downside_days,236,estimated,btc_vol,-1704.8800880524504,-3.1887120926853276
full_macro,seq_xgb,exclude_top1_downside_days,236,estimated,account_ls,4.040992737422647,2.272408901707083
full_macro,seq_xgb,exclude_top5_downside_days,232,estimated,e_origin,0.36544241241534065,2.9420801108486794
full_macro,seq_xgb,exclude_top5_downside_days,232,estimated,downside,123649.50186011144,1.980277000458633
full_macro,seq_xgb,exclude_top5_downside_days,232,estimated,btc_vol,-1752.480470256876,-3.277741177730883
full_macro,seq_xgb,exclude_top5_downside_days,232,estimated,account_ls,4.856678970656471,2.731101301778724
full_macro,seq_mlp,Aug_Nov,152,estimated,e_origin,0.26861092973288564,2.1835759648442385
full_macro,seq_mlp,Aug_Nov,152,estimated,downside,328876.72004091815,5.267041070817267
full_macro,seq_mlp,Aug_Nov,152,estimated,btc_vol,-2747.6325549808507,-5.139017820503619
full_macro,seq_mlp,Aug_Nov,152,estimated,account_ls,3.044448714599856,1.7120130644579836
full_macro,seq_mlp,Dec_Mar,85,insufficient,,,
full_macro,seq_mlp,exclude_top1_downside_days,236,estimated,e_origin,0.40251887507935924,3.272132455270763
full_macro,seq_mlp,exclude_top1_downside_days,236,estimated,downside,-126438.06385277539,-2.024936502481317
full_macro,seq_mlp,exclude_top1_downside_days,236,estimated,btc_vol,-1253.8521097380828,-2.3451346594868743
full_macro,seq_mlp,exclude_top1_downside_days,236,estimated,account_ls,3.6262830643948454,2.0392013673591083
full_macro,seq_mlp,exclude_top5_downside_days,232,estimated,e_origin,0.3541301581534701,2.8787737808709726
full_macro,seq_mlp,exclude_top5_downside_days,232,estimated,downside,185430.11042449402,2.9697085499103615
full_macro,seq_mlp,exclude_top5_downside_days,232,estimated,btc_vol,-2376.0067325644545,-4.443949726156308
full_macro,seq_mlp,exclude_top5_downside_days,232,estimated,account_ls,3.3960949908742792,1.9097575743795243
full_macro,seq_spline,Aug_Nov,152,estimated,e_origin,0.21857133469615456,1.729872644836253
full_macro,seq_spline,Aug_Nov,152,estimated,downside,390408.7643768818,6.252491803385223
full_macro,seq_spline,Aug_Nov,152,estimated,btc_vol,-3251.4670799200535,-6.081361656674094
full_macro,seq_spline,Aug_Nov,152,estimated,account_ls,3.284206610372153,1.84683834428638
full_macro,seq_spline,Dec_Mar,85,insufficient,,,
full_macro,seq_spline,exclude_top1_downside_days,236,estimated,e_origin,0.3992791102932908,3.1600759153120213
full_macro,seq_spline,exclude_top1_downside_days,236,estimated,downside,-144957.20494089165,-2.321525074318302
full_macro,seq_spline,exclude_top1_downside_days,236,estimated,btc_vol,-1067.747976948508,-1.997055927801566
full_macro,seq_spline,exclude_top1_downside_days,236,estimated,account_ls,3.7785634021235373,2.124834581149625
full_macro,seq_spline,exclude_top5_downside_days,232,estimated,e_origin,0.28332211120050754,2.2423396486293026
full_macro,seq_spline,exclude_top5_downside_days,232,estimated,downside,152924.98121099832,2.4491309591389534
full_macro,seq_spline,exclude_top5_downside_days,232,estimated,btc_vol,-2248.152842919957,-4.204818982086217
full_macro,seq_spline,exclude_top5_downside_days,232,estimated,account_ls,3.6313624429998494,2.0420577014104566
full_macro,joint_xgb,Aug_Nov,152,estimated,e_origin,0.3091617718487164,2.494951397518625
full_macro,joint_xgb,Aug_Nov,152,estimated,downside,329791.32123246184,5.28168863248925
full_macro,joint_xgb,Aug_Nov,152,estimated,btc_vol,-2785.0181339893034,-5.208941710583464
full_macro,joint_xgb,Aug_Nov,152,estimated,account_ls,3.1286573692747277,1.7593668977652919
full_macro,joint_xgb,Dec_Mar,85,insufficient,,,
full_macro,joint_xgb,exclude_top1_downside_days,236,estimated,e_origin,0.4122159699407007,3.326604075701531
full_macro,joint_xgb,exclude_top1_downside_days,236,estimated,downside,-138201.73527335213,-2.213334576106194
full_macro,joint_xgb,exclude_top1_downside_days,236,estimated,btc_vol,-1167.3098572430608,-2.183270884437251
full_macro,joint_xgb,exclude_top1_downside_days,236,estimated,account_ls,5.345219273863594,3.0058266987262594
full_macro,joint_xgb,exclude_top5_downside_days,232,estimated,e_origin,0.357336259763925,2.883721992376027
full_macro,joint_xgb,exclude_top5_downside_days,232,estimated,downside,139196.86883036,2.229271883298557
full_macro,joint_xgb,exclude_top5_downside_days,232,estimated,btc_vol,-1965.1858943334842,-3.6755734726154103
full_macro,joint_xgb,exclude_top5_downside_days,232,estimated,account_ls,4.692338732382088,2.638686332331994
full_macro,joint_mlp,Aug_Nov,152,estimated,e_origin,0.2599547747309337,2.1676401762512034
full_macro,joint_mlp,Aug_Nov,152,estimated,downside,355925.9597405332,5.700241257241309
full_macro,joint_mlp,Aug_Nov,152,estimated,btc_vol,-3056.773592533106,-5.7172178779130745
full_macro,joint_mlp,Aug_Nov,152,estimated,account_ls,3.046927795940094,1.7134071492464669
full_macro,joint_mlp,Dec_Mar,85,insufficient,,,
full_macro,joint_mlp,exclude_top1_downside_days,236,estimated,e_origin,0.49877612609892424,4.15905870936984
full_macro,joint_mlp,exclude_top1_downside_days,236,estimated,downside,3517.2491619478465,0.05632960517841462
full_macro,joint_mlp,exclude_top1_downside_days,236,estimated,btc_vol,-1338.836716196129,-2.504085100754822
full_macro,joint_mlp,exclude_top1_downside_days,236,estimated,account_ls,2.8984888314595185,1.6299340904799764
full_macro,joint_mlp,exclude_top5_downside_days,232,estimated,e_origin,0.45534765254367,3.7969291652248285
full_macro,joint_mlp,exclude_top5_downside_days,232,estimated,downside,165037.02395131267,2.643108284614568
full_macro,joint_mlp,exclude_top5_downside_days,232,estimated,btc_vol,-1893.4028522774588,-3.5413144969502866
full_macro,joint_mlp,exclude_top5_downside_days,232,estimated,account_ls,2.0931808012748028,1.1770777615237618
full_macro,joint_tensor,Aug_Nov,152,estimated,e_origin,0.2737974579015795,2.3428266296633082
full_macro,joint_tensor,Aug_Nov,152,estimated,downside,288668.31695371994,4.623093665765612
full_macro,joint_tensor,Aug_Nov,152,estimated,btc_vol,-2069.5356643360665,-3.8707434296158874
full_macro,joint_tensor,Aug_Nov,152,estimated,account_ls,2.396739938884923,1.3477809850439617
full_macro,joint_tensor,Dec_Mar,85,insufficient,,,
full_macro,joint_tensor,exclude_top1_downside_days,236,estimated,e_origin,0.4763303425279038,4.0758574588087155
full_macro,joint_tensor,exclude_top1_downside_days,236,estimated,downside,-82292.15387940647,-1.3179289620588563
full_macro,joint_tensor,exclude_top1_downside_days,236,estimated,btc_vol,-753.5494030497589,-1.409396538078784
full_macro,joint_tensor,exclude_top1_downside_days,236,estimated,account_ls,2.691190833936473,1.513362286102553
full_macro,joint_tensor,exclude_top5_downside_days,232,estimated,e_origin,0.4550981358862218,3.8941779811835877
full_macro,joint_tensor,exclude_top5_downside_days,232,estimated,downside,114755.02660177347,1.837829804794539
full_macro,joint_tensor,exclude_top5_downside_days,232,estimated,btc_vol,-1518.9317019778614,-2.8409246609201437
full_macro,joint_tensor,exclude_top5_downside_days,232,estimated,account_ls,2.76529084378985,1.5550316314710855
full_macro,seq_selected,Aug_Nov,152,estimated,e_origin,0.2769368212046956,2.2441143542601236
full_macro,seq_selected,Aug_Nov,152,estimated,downside,348152.58196410304,5.575748711820819
full_macro,seq_selected,Aug_Nov,152,estimated,btc_vol,-2760.83524588129,-5.163711393045903
full_macro,seq_selected,Aug_Nov,152,estimated,account_ls,2.806273290774199,1.57807767074716
full_macro,seq_selected,Dec_Mar,85,insufficient,,,
full_macro,seq_selected,exclude_top1_downside_days,236,estimated,e_origin,0.49636915838727363,4.022250087595108
full_macro,seq_selected,exclude_top1_downside_days,236,estimated,downside,-74252.3500604958,-1.1891695384357814
full_macro,seq_selected,exclude_top1_downside_days,236,estimated,btc_vol,-1499.4385319894523,-2.804465729114672
full_macro,seq_selected,exclude_top1_downside_days,236,estimated,account_ls,3.3594754980203954,1.8891649955395438
full_macro,seq_selected,exclude_top5_downside_days,232,estimated,e_origin,0.4306167265881715,3.489435507771466
full_macro,seq_selected,exclude_top5_downside_days,232,estimated,downside,140436.3793695617,2.249122947602756
full_macro,seq_selected,exclude_top5_downside_days,232,estimated,btc_vol,-1964.4737572716513,-3.674241531397591
full_macro,seq_selected,exclude_top5_downside_days,232,estimated,account_ls,3.531166245415646,1.9857134449115537
full_macro,seq_shrunk,Aug_Nov,152,estimated,e_origin,0.2379274273778416,1.9013237165638046
full_macro,seq_shrunk,Aug_Nov,152,estimated,downside,376363.62826820463,6.027555515038583
full_macro,seq_shrunk,Aug_Nov,152,estimated,btc_vol,-3057.5965178146207,-5.718757031203053
full_macro,seq_shrunk,Aug_Nov,152,estimated,account_ls,3.000129448061689,1.6870906005134692
full_macro,seq_shrunk,Dec_Mar,85,insufficient,,,
full_macro,seq_shrunk,exclude_top1_downside_days,236,estimated,e_origin,0.48254774900527636,3.8561316350519066
full_macro,seq_shrunk,exclude_top1_downside_days,236,estimated,downside,-57541.544632434285,-0.9215419042721796
full_macro,seq_shrunk,exclude_top1_downside_days,236,estimated,btc_vol,-1526.4590402302908,-2.855003372191078
full_macro,seq_shrunk,exclude_top1_downside_days,236,estimated,account_ls,3.673266045353456,2.0656217425234487
full_macro,seq_shrunk,exclude_top5_downside_days,232,estimated,e_origin,0.3618511799648371,2.8916221972222105
full_macro,seq_shrunk,exclude_top5_downside_days,232,estimated,downside,146625.20362491847,2.3482384810129
full_macro,seq_shrunk,exclude_top5_downside_days,232,estimated,btc_vol,-1968.975114076372,-3.682660616691209
full_macro,seq_shrunk,exclude_top5_downside_days,232,estimated,account_ls,4.502573470241885,2.531973873552073
full_macro,joint_selected,Aug_Nov,152,estimated,e_origin,0.30686162673881534,2.512869397675848
full_macro,joint_selected,Aug_Nov,152,estimated,downside,415100.9098377001,6.647942549344204
full_macro,joint_selected,Aug_Nov,152,estimated,btc_vol,-2711.2598511850642,-5.0709883554109885
full_macro,joint_selected,Aug_Nov,152,estimated,account_ls,1.313170800484705,0.7384475079226448
full_macro,joint_selected,Dec_Mar,85,insufficient,,,
full_macro,joint_selected,exclude_top1_downside_days,236,estimated,e_origin,0.3607041808387501,2.953782482600579
full_macro,joint_selected,exclude_top1_downside_days,236,estimated,downside,-143822.76612336136,-2.303356759323194
full_macro,joint_selected,exclude_top1_downside_days,236,estimated,btc_vol,-821.6827552457403,-1.536829338534971
full_macro,joint_selected,exclude_top1_downside_days,236,estimated,account_ls,3.72228645111442,2.093187841661641
full_macro,joint_selected,exclude_top5_downside_days,232,estimated,e_origin,0.3684762887299549,3.0174277558229186
full_macro,joint_selected,exclude_top5_downside_days,232,estimated,downside,191060.4318974094,3.05987952472445
full_macro,joint_selected,exclude_top5_downside_days,232,estimated,btc_vol,-2134.618902686321,-3.9924714682110527
full_macro,joint_selected,exclude_top5_downside_days,232,estimated,account_ls,3.504904199825709,1.9709452653939452
full_macro,joint_shrunk,Aug_Nov,152,estimated,e_origin,0.306862212649371,2.5206812922382866
full_macro,joint_shrunk,Aug_Nov,152,estimated,downside,415100.6488923019,6.64793837023986
full_macro,joint_shrunk,Aug_Nov,152,estimated,btc_vol,-2711.251443832566,-5.070972630770431
full_macro,joint_shrunk,Aug_Nov,152,estimated,account_ls,1.313165035014257,0.738444265772208
full_macro,joint_shrunk,Dec_Mar,85,insufficient,,,
full_macro,joint_shrunk,exclude_top1_downside_days,236,estimated,e_origin,0.5078066534129888,4.17131428559057
full_macro,joint_shrunk,exclude_top1_downside_days,236,estimated,downside,2020.612462982095,0.03236060256684569
full_macro,joint_shrunk,exclude_top1_downside_days,236,estimated,btc_vol,-1592.131237919232,-2.977832967299532
full_macro,joint_shrunk,exclude_top1_downside_days,236,estimated,account_ls,2.2950694734432964,1.2906076898359107
full_macro,joint_shrunk,exclude_top5_downside_days,232,estimated,e_origin,0.48231601611586794,3.9619246314935945
full_macro,joint_shrunk,exclude_top5_downside_days,232,estimated,downside,120045.22082628231,1.9225535585756568
full_macro,joint_shrunk,exclude_top5_downside_days,232,estimated,btc_vol,-1536.7117958025526,-2.8741795511527104
full_macro,joint_shrunk,exclude_top5_downside_days,232,estimated,account_ls,2.525556677370973,1.4202196955899433
