variant,calibration,reference,seed,fold,improvement_pct
original,raw,linear,20260925,2025-12,13.666454431627606
original,raw,linear,20260925,2026-01,4.126446139520457
original,raw,linear,20260925,2026-02,18.29707723103673
original,raw,linear,20260925,2026-03,4.810877181931006
original,raw,linear,20260926,2025-12,14.006435609830225
original,raw,linear,20260926,2026-01,3.250790182451091
original,raw,linear,20260926,2026-02,19.04523328836678
original,raw,linear,20260926,2026-03,4.616595967975168
original,raw,linear,20260927,2025-12,14.790248436285536
original,raw,linear,20260927,2026-01,4.194722457465061
original,raw,linear,20260927,2026-02,18.827937599202716
original,raw,linear,20260927,2026-03,5.150835723617265
original,raw,linear,20260928,2025-12,14.280380203251964
original,raw,linear,20260928,2026-01,4.514787164622447
original,raw,linear,20260928,2026-02,18.936368105312262
original,raw,linear,20260928,2026-03,5.142722985949866
original,raw,threshold,20260925,2025-12,8.475475287809587
original,raw,threshold,20260925,2026-01,4.7765411371272215
original,raw,threshold,20260925,2026-02,22.83637139112843
original,raw,threshold,20260925,2026-03,14.00114976025546
original,raw,threshold,20260926,2025-12,8.835898522384644
original,raw,threshold,20260926,2026-01,3.906822787817177
original,raw,threshold,20260926,2026-02,23.542960998853246
original,raw,threshold,20260926,2026-03,13.825625913320582
original,raw,threshold,20260927,2025-12,9.666839681262761
original,raw,threshold,20260927,2026-01,4.844354490146008
original,raw,threshold,20260927,2026-02,23.33773793842029
original,raw,threshold,20260927,2026-03,14.30828615198454
original,raw,threshold,20260928,2025-12,9.126314588878081
original,raw,threshold,20260928,2026-01,5.162248917214097
original,raw,threshold,20260928,2026-02,23.44014420517
original,raw,threshold,20260928,2026-03,14.300956678920418
original,calibrated,linear,20260925,2025-12,20.745302303106982
original,calibrated,linear,20260925,2026-01,17.37673952581438
original,calibrated,linear,20260925,2026-02,18.81148369070903
original,calibrated,linear,20260925,2026-03,-3.744928494195454
original,calibrated,linear,20260926,2025-12,20.769661192782053
original,calibrated,linear,20260926,2026-01,17.481185498430452
original,calibrated,linear,20260926,2026-02,18.902232715165425
original,calibrated,linear,20260926,2026-03,-3.85962557183388
original,calibrated,linear,20260927,2025-12,21.68227174108942
original,calibrated,linear,20260927,2026-01,17.77806104659403
original,calibrated,linear,20260927,2026-02,19.18269273671286
original,calibrated,linear,20260927,2026-03,-4.255066411671682
original,calibrated,linear,20260928,2025-12,20.669869177830293
original,calibrated,linear,20260928,2026-01,17.500649988709593
original,calibrated,linear,20260928,2026-02,19.03067289953245
original,calibrated,linear,20260928,2026-03,-3.8285787039396446
original,calibrated,threshold,20260925,2025-12,11.886004732832255
original,calibrated,threshold,20260925,2026-01,8.75033355390843
original,calibrated,threshold,20260925,2026-02,19.62219571341366
original,calibrated,threshold,20260925,2026-03,-3.520658501002605
original,calibrated,threshold,20260926,2025-12,11.91308652295845
original,calibrated,threshold,20260926,2026-01,8.865684365630887
original,calibrated,threshold,20260926,2026-02,19.71203855891126
original,calibrated,threshold,20260926,2026-03,-3.6351076329034226
original,calibrated,threshold,20260927,2025-12,12.927711067258175
original,calibrated,threshold,20260927,2026-01,9.193555652608133
original,calibrated,threshold,20260927,2026-02,19.989698032774207
original,calibrated,threshold,20260927,2026-03,-4.02969363081549
original,calibrated,threshold,20260928,2025-12,11.802139495353991
original,calibrated,threshold,20260928,2026-01,8.887181075338557
original,calibrated,threshold,20260928,2026-02,19.839196197342012
original,calibrated,threshold,20260928,2026-03,-3.604127880394503
own_scale,raw,linear,20260925,2025-12,15.30686292985839
own_scale,raw,linear,20260925,2026-01,2.114972576812668
own_scale,raw,linear,20260925,2026-02,18.74473402605078
own_scale,raw,linear,20260925,2026-03,4.9489563547089555
own_scale,raw,linear,20260926,2025-12,14.793673813183773
own_scale,raw,linear,20260926,2026-01,1.721550226495172
own_scale,raw,linear,20260926,2026-02,18.815476451292902
own_scale,raw,linear,20260926,2026-03,5.773767182113188
own_scale,raw,linear,20260927,2025-12,13.786489521322975
own_scale,raw,linear,20260927,2026-01,1.3428043163461578
own_scale,raw,linear,20260927,2026-02,18.5504965055147
own_scale,raw,linear,20260927,2026-03,5.278561042355845
own_scale,raw,linear,20260928,2025-12,13.915507557703355
own_scale,raw,linear,20260928,2026-01,2.3668777467663937
own_scale,raw,linear,20260928,2026-02,18.409096754086317
own_scale,raw,linear,20260928,2026-03,7.213208045940467
own_scale,raw,threshold,20260925,2025-12,10.216798690748197
own_scale,raw,threshold,20260925,2026-01,2.525107906507873
own_scale,raw,threshold,20260925,2026-02,8.378223955186293
own_scale,raw,threshold,20260925,2026-03,3.386086164054014
own_scale,raw,threshold,20260926,2025-12,9.672766867556248
own_scale,raw,threshold,20260926,2026-01,2.1333339840409415
own_scale,raw,threshold,20260926,2026-02,8.457991667035003
own_scale,raw,threshold,20260926,2026-03,4.224458886263838
own_scale,raw,threshold,20260927,2025-12,8.605050720062957
own_scale,raw,threshold,20260927,2026-01,1.756175007898264
own_scale,raw,threshold,20260927,2026-02,8.159205699658557
own_scale,raw,threshold,20260927,2026-03,3.7211103539101176
own_scale,raw,threshold,20260928,2025-12,8.741822750638107
own_scale,raw,threshold,20260928,2026-01,2.775957601353196
own_scale,raw,threshold,20260928,2026-02,7.999766231916039
own_scale,raw,threshold,20260928,2026-03,5.6875676566286
own_scale,calibrated,linear,20260925,2025-12,21.13069033390975
own_scale,calibrated,linear,20260925,2026-01,15.131388802440327
own_scale,calibrated,linear,20260925,2026-02,18.868244499625007
own_scale,calibrated,linear,20260925,2026-03,-5.039680894662646
own_scale,calibrated,linear,20260926,2025-12,21.602441501364122
own_scale,calibrated,linear,20260926,2026-01,14.39300851230878
own_scale,calibrated,linear,20260926,2026-02,18.762053047039416
own_scale,calibrated,linear,20260926,2026-03,-5.232993955396603
own_scale,calibrated,linear,20260927,2025-12,20.40075985055092
own_scale,calibrated,linear,20260927,2026-01,14.996786765477276
own_scale,calibrated,linear,20260927,2026-02,18.22718596910624
own_scale,calibrated,linear,20260927,2026-03,-4.662226647020584
own_scale,calibrated,linear,20260928,2025-12,20.789309561787327
own_scale,calibrated,linear,20260928,2026-01,15.782750628055997
own_scale,calibrated,linear,20260928,2026-02,18.02443730753035
own_scale,calibrated,linear,20260928,2026-03,-5.015482888419132
own_scale,calibrated,threshold,20260925,2025-12,11.590261637619415
own_scale,calibrated,threshold,20260925,2026-01,5.0322022610020944
own_scale,calibrated,threshold,20260925,2026-02,8.952381115494845
own_scale,calibrated,threshold,20260925,2026-03,-2.7376989285811337
own_scale,calibrated,threshold,20260926,2025-12,12.119078200910838
own_scale,calibrated,threshold,20260926,2026-01,4.205956266656297
own_scale,calibrated,threshold,20260926,2026-02,8.833211021809895
own_scale,calibrated,threshold,20260926,2026-03,-2.9267754648337974
own_scale,calibrated,threshold,20260927,2025-12,10.772035088792064
own_scale,calibrated,threshold,20260927,2026-01,4.8815828642523655
own_scale,calibrated,threshold,20260927,2026-02,8.232972883670463
own_scale,calibrated,threshold,20260927,2026-03,-2.3685167250246275
own_scale,calibrated,threshold,20260928,2025-12,11.20758572891588
own_scale,calibrated,threshold,20260928,2026-01,5.7610747762595675
own_scale,calibrated,threshold,20260928,2026-02,8.005444430050101
own_scale,calibrated,threshold,20260928,2026-03,-2.714031230250913
