date,window_days,reference,n_before,n_after,estimate,regime
2025-06-17 00:00:00+00:00,14,ETH,14,13,0.13614493376710277,before
2025-06-17 00:00:00+00:00,14,XRP,14,13,-0.22703799241169548,before
2025-06-17 00:00:00+00:00,14,SOL,14,13,-0.08660067473362859,before
2025-06-18 00:00:00+00:00,14,ETH,14,13,0.13113894538246174,before
2025-06-18 00:00:00+00:00,14,XRP,14,13,-0.29442285552895703,before
2025-06-18 00:00:00+00:00,14,SOL,14,13,-0.14820697897729065,before
2025-06-19 00:00:00+00:00,14,ETH,14,13,0.21682040197266647,before
2025-06-19 00:00:00+00:00,14,XRP,14,13,-0.21712333461134478,before
2025-06-19 00:00:00+00:00,14,SOL,14,13,0.21028850780258496,before
2025-06-20 00:00:00+00:00,14,ETH,14,13,0.38810520359598155,before
2025-06-20 00:00:00+00:00,14,XRP,14,13,-0.09794090288568488,before
2025-06-20 00:00:00+00:00,14,SOL,14,13,0.20719084786786415,before
2025-06-21 00:00:00+00:00,14,ETH,14,13,0.41797377025837623,before
2025-06-21 00:00:00+00:00,14,XRP,14,13,-0.41458998316850115,before
2025-06-21 00:00:00+00:00,14,SOL,14,13,0.09410450360954792,before
2025-06-22 00:00:00+00:00,14,ETH,14,13,0.4326759091395704,before
2025-06-22 00:00:00+00:00,14,XRP,14,13,-0.23013326209978713,before
2025-06-22 00:00:00+00:00,14,SOL,14,13,0.2638376539000596,before
2025-06-23 00:00:00+00:00,14,ETH,14,13,0.5064669858622015,before
2025-06-23 00:00:00+00:00,14,XRP,14,13,-0.2324107485895139,before
2025-06-23 00:00:00+00:00,14,SOL,14,13,0.1876569450432784,before
2025-06-24 00:00:00+00:00,14,ETH,14,13,0.7700161781643053,before
2025-06-24 00:00:00+00:00,14,XRP,14,13,-0.23137061629875474,before
2025-06-24 00:00:00+00:00,14,SOL,14,13,0.24386835714618776,before
2025-06-25 00:00:00+00:00,14,ETH,14,13,0.8010033140420153,before
2025-06-25 00:00:00+00:00,14,XRP,14,13,-0.10211652393936872,before
2025-06-25 00:00:00+00:00,14,SOL,14,13,0.2597591703714264,before
2025-06-26 00:00:00+00:00,14,ETH,14,13,0.9659233992591318,before
2025-06-26 00:00:00+00:00,14,XRP,14,13,-0.1799754044309924,before
2025-06-26 00:00:00+00:00,14,SOL,14,13,0.29925792926085654,before
2025-06-27 00:00:00+00:00,14,ETH,14,13,0.8860555961345922,before
2025-06-27 00:00:00+00:00,14,XRP,14,13,-0.35682514049471903,before
2025-06-27 00:00:00+00:00,14,SOL,14,13,0.2788161275416108,before
2025-06-28 00:00:00+00:00,14,ETH,14,13,1.015066922350437,before
2025-06-28 00:00:00+00:00,14,XRP,14,13,-0.2389797123139264,before
2025-06-28 00:00:00+00:00,14,SOL,14,13,0.5583650158063376,before
2025-06-29 00:00:00+00:00,14,ETH,14,14,1.0576690933803263,before
2025-06-29 00:00:00+00:00,14,XRP,14,14,-0.3972947362971901,before
2025-06-29 00:00:00+00:00,14,SOL,14,14,0.3911163599235311,before
2025-06-30 00:00:00+00:00,14,ETH,14,14,0.6377794909976732,before
2025-06-30 00:00:00+00:00,14,XRP,14,14,-0.8435103264396527,before
2025-06-30 00:00:00+00:00,14,SOL,14,14,0.34729193068892084,before
2025-07-01 00:00:00+00:00,14,ETH,14,14,0.42929234157567375,before
2025-07-01 00:00:00+00:00,14,XRP,14,14,-0.6758978516411643,before
2025-07-01 00:00:00+00:00,14,SOL,14,14,0.22426863653330048,before
2025-07-02 00:00:00+00:00,14,ETH,13,14,0.4710123233838447,before
2025-07-02 00:00:00+00:00,14,XRP,13,14,-0.7196916693641647,before
2025-07-02 00:00:00+00:00,14,SOL,13,14,0.21034663004884352,before
2025-07-03 00:00:00+00:00,14,ETH,13,14,0.1502757628345168,before
2025-07-03 00:00:00+00:00,14,XRP,13,14,-0.6171930389533707,before
2025-07-03 00:00:00+00:00,14,SOL,13,14,-0.00628313007692527,before
2025-07-04 00:00:00+00:00,14,ETH,13,14,0.16750399896213208,before
2025-07-04 00:00:00+00:00,14,XRP,13,14,-0.5848749271585151,before
2025-07-04 00:00:00+00:00,14,SOL,13,14,-0.04386455064055966,before
2025-07-05 00:00:00+00:00,14,ETH,13,14,0.3929569870448314,before
2025-07-05 00:00:00+00:00,14,XRP,13,14,0.18641970537684716,before
2025-07-05 00:00:00+00:00,14,SOL,13,14,0.38680595326618583,before
2025-07-06 00:00:00+00:00,14,ETH,13,14,0.24427139520085944,before
2025-07-06 00:00:00+00:00,14,XRP,13,14,0.3108162875106698,before
2025-07-06 00:00:00+00:00,14,SOL,13,14,0.13036083144499444,before
2025-07-07 00:00:00+00:00,14,ETH,13,14,0.15209376238861677,before
2025-07-07 00:00:00+00:00,14,XRP,13,14,0.4196417118137219,before
2025-07-07 00:00:00+00:00,14,SOL,13,14,0.23231765124369835,before
2025-07-08 00:00:00+00:00,14,ETH,13,14,0.253072059280119,before
2025-07-08 00:00:00+00:00,14,XRP,13,14,0.6964520218230782,before
2025-07-08 00:00:00+00:00,14,SOL,13,14,0.4229828874035924,before
2025-07-09 00:00:00+00:00,14,ETH,13,14,0.18313530781049836,before
2025-07-09 00:00:00+00:00,14,XRP,13,14,0.6328780268213559,before
2025-07-09 00:00:00+00:00,14,SOL,13,14,0.4515689905119935,before
2025-07-10 00:00:00+00:00,14,ETH,13,14,-0.26479961295356863,before
2025-07-10 00:00:00+00:00,14,XRP,13,14,0.7468880650594643,before
2025-07-10 00:00:00+00:00,14,SOL,13,14,0.3684882562560081,before
2025-07-11 00:00:00+00:00,14,ETH,13,14,-0.3570027303493735,before
2025-07-11 00:00:00+00:00,14,XRP,13,14,0.9217212201884211,before
2025-07-11 00:00:00+00:00,14,SOL,13,14,0.43169703382584956,before
2025-07-12 00:00:00+00:00,14,ETH,13,14,-0.4342701121293624,before
2025-07-12 00:00:00+00:00,14,XRP,13,14,1.0102736644581864,before
2025-07-12 00:00:00+00:00,14,SOL,13,14,0.5005652346161226,before
2025-07-13 00:00:00+00:00,14,ETH,13,14,-0.8515835322378862,before
2025-07-13 00:00:00+00:00,14,XRP,13,14,1.3996376399952108,before
2025-07-13 00:00:00+00:00,14,SOL,13,14,0.44110654420930473,before
2025-07-14 00:00:00+00:00,14,ETH,13,14,-0.43519806825497376,before
2025-07-14 00:00:00+00:00,14,XRP,13,14,1.7024123090487124,before
2025-07-14 00:00:00+00:00,14,SOL,13,14,0.4342117896727927,before
2025-08-17 00:00:00+00:00,14,ETH,14,14,0.25777949396986166,after
2025-08-17 00:00:00+00:00,14,XRP,14,14,-0.3207357129981734,after
2025-08-17 00:00:00+00:00,14,SOL,14,14,0.38425501969400955,after
2025-08-18 00:00:00+00:00,14,ETH,14,14,0.9709500177150572,after
2025-08-18 00:00:00+00:00,14,XRP,14,14,0.4096614344393057,after
2025-08-18 00:00:00+00:00,14,SOL,14,14,1.1616494461194478,after
2025-08-19 00:00:00+00:00,14,ETH,14,14,1.6209128802092119,after
2025-08-19 00:00:00+00:00,14,XRP,14,14,1.2834983321603453,after
2025-08-19 00:00:00+00:00,14,SOL,14,14,2.0455408598384697,after
2025-08-20 00:00:00+00:00,14,ETH,14,14,1.8952853993686753,after
2025-08-20 00:00:00+00:00,14,XRP,14,14,1.60888600816134,after
2025-08-20 00:00:00+00:00,14,SOL,14,14,2.4589046095571305,after
2025-08-21 00:00:00+00:00,14,ETH,14,14,1.9399672623403088,after
2025-08-21 00:00:00+00:00,14,XRP,14,14,1.5292651222591829,after
2025-08-21 00:00:00+00:00,14,SOL,14,14,2.424208665142336,after
2025-08-22 00:00:00+00:00,14,ETH,14,14,2.4650026731633696,after
2025-08-22 00:00:00+00:00,14,XRP,14,14,2.1621536260836507,after
2025-08-22 00:00:00+00:00,14,SOL,14,14,3.001900879558482,after
2025-08-23 00:00:00+00:00,14,ETH,14,14,3.017275245987511,after
2025-08-23 00:00:00+00:00,14,XRP,14,14,2.359938055279807,after
2025-08-23 00:00:00+00:00,14,SOL,14,14,3.232437569353632,after
2025-08-24 00:00:00+00:00,14,ETH,14,14,2.089410322443496,after
2025-08-24 00:00:00+00:00,14,XRP,14,14,1.6006903524765725,after
2025-08-24 00:00:00+00:00,14,SOL,14,14,2.52858528662858,after
2025-08-25 00:00:00+00:00,14,ETH,14,14,1.7750692798996193,after
2025-08-25 00:00:00+00:00,14,XRP,14,14,1.9094471029176425,after
2025-08-25 00:00:00+00:00,14,SOL,14,14,2.57829209416807,after
2025-08-26 00:00:00+00:00,14,ETH,14,14,2.038121427031366,after
2025-08-26 00:00:00+00:00,14,XRP,14,14,2.2096862111145477,after
2025-08-26 00:00:00+00:00,14,SOL,14,14,2.3564266421704527,after
2025-08-27 00:00:00+00:00,14,ETH,14,14,0.7298458185987595,after
2025-08-27 00:00:00+00:00,14,XRP,14,14,1.1435053802110247,after
2025-08-27 00:00:00+00:00,14,SOL,14,14,1.0864500753493793,after
2025-08-28 00:00:00+00:00,14,ETH,14,14,0.8957112131420217,after
2025-08-28 00:00:00+00:00,14,XRP,14,14,1.2892368796103497,after
2025-08-28 00:00:00+00:00,14,SOL,14,14,0.7990283969612175,after
2025-08-29 00:00:00+00:00,14,ETH,14,14,1.0594955678633848,after
2025-08-29 00:00:00+00:00,14,XRP,14,14,1.638240672682521,after
2025-08-29 00:00:00+00:00,14,SOL,14,14,0.9150339197555848,after
2025-08-30 00:00:00+00:00,14,ETH,14,14,0.5417169285881247,after
2025-08-30 00:00:00+00:00,14,XRP,14,14,1.2528061624469018,after
2025-08-30 00:00:00+00:00,14,SOL,14,14,0.40374621147899425,after
2025-08-31 00:00:00+00:00,14,ETH,14,14,1.0442948639817686,after
2025-08-31 00:00:00+00:00,14,XRP,14,14,1.5718583059085152,after
2025-08-31 00:00:00+00:00,14,SOL,14,14,0.5211941926367789,after
2025-09-01 00:00:00+00:00,14,ETH,14,14,0.761638128976772,after
2025-09-01 00:00:00+00:00,14,XRP,14,14,1.0349627994985617,after
2025-09-01 00:00:00+00:00,14,SOL,14,14,-0.011863683629352195,after
2025-09-02 00:00:00+00:00,14,ETH,14,14,0.19874821243146634,after
2025-09-02 00:00:00+00:00,14,XRP,14,14,0.2510404542529372,after
2025-09-02 00:00:00+00:00,14,SOL,14,14,-0.9248600796370372,after
2025-09-03 00:00:00+00:00,14,ETH,14,14,0.13173216867213178,after
2025-09-03 00:00:00+00:00,14,XRP,14,14,0.004890397389612389,after
2025-09-03 00:00:00+00:00,14,SOL,14,14,-1.0211733143693582,after
2025-09-04 00:00:00+00:00,14,ETH,14,14,0.036770239253836934,after
2025-09-04 00:00:00+00:00,14,XRP,14,14,-0.26037994982162616,after
2025-09-04 00:00:00+00:00,14,SOL,14,14,-1.2794594788033482,after
2025-09-05 00:00:00+00:00,14,ETH,14,14,-1.1277117008996953,after
2025-09-05 00:00:00+00:00,14,XRP,14,14,-1.5379526548848474,after
2025-09-05 00:00:00+00:00,14,SOL,14,14,-2.525543814063486,after
2025-09-06 00:00:00+00:00,14,ETH,14,14,-1.1177271584830866,after
2025-09-06 00:00:00+00:00,14,XRP,14,14,-1.5835940342605905,after
2025-09-06 00:00:00+00:00,14,SOL,14,14,-2.4236197387046925,after
2025-09-07 00:00:00+00:00,14,ETH,14,14,-1.5742003452195465,after
2025-09-07 00:00:00+00:00,14,XRP,14,14,-1.8904108014160332,after
2025-09-07 00:00:00+00:00,14,SOL,14,14,-2.5371238154072895,after
2025-09-08 00:00:00+00:00,14,ETH,14,14,-1.898916551937381,after
2025-09-08 00:00:00+00:00,14,XRP,14,14,-2.3377715465001074,after
2025-09-08 00:00:00+00:00,14,SOL,14,14,-2.908916321692189,after
2025-09-09 00:00:00+00:00,14,ETH,14,14,-2.1821099510285666,after
2025-09-09 00:00:00+00:00,14,XRP,14,14,-2.5252875095414833,after
2025-09-09 00:00:00+00:00,14,SOL,14,14,-2.8255759652411676,after
2025-09-10 00:00:00+00:00,14,ETH,14,14,-1.2437077272477648,after
2025-09-10 00:00:00+00:00,14,XRP,14,14,-1.7176979653959759,after
2025-09-10 00:00:00+00:00,14,SOL,14,14,-1.7834185702623024,after
2025-09-11 00:00:00+00:00,14,ETH,14,14,-1.3709136566842872,after
2025-09-11 00:00:00+00:00,14,XRP,14,14,-1.9401762317494935,after
2025-09-11 00:00:00+00:00,14,SOL,14,14,-2.0446450446497177,after
2025-09-12 00:00:00+00:00,14,ETH,14,14,-1.5356261850229291,after
2025-09-12 00:00:00+00:00,14,XRP,14,14,-2.521944210774606,after
2025-09-12 00:00:00+00:00,14,SOL,14,14,-2.411805998537906,after
2025-09-13 00:00:00+00:00,14,ETH,14,14,-0.8147918273670758,after
2025-09-13 00:00:00+00:00,14,XRP,14,14,-2.0089215664975413,after
2025-09-13 00:00:00+00:00,14,SOL,14,14,-1.7188700116062208,after
2025-09-14 00:00:00+00:00,14,ETH,14,14,-1.3513905804761546,after
2025-09-14 00:00:00+00:00,14,XRP,14,14,-2.2306333322506884,after
2025-09-14 00:00:00+00:00,14,SOL,14,14,-1.8354179734696778,after
2025-09-15 00:00:00+00:00,14,ETH,14,14,-1.350889842866339,after
2025-09-15 00:00:00+00:00,14,XRP,14,14,-2.4037157788022636,after
2025-09-15 00:00:00+00:00,14,SOL,14,14,-2.8365822974616277,after
2025-09-16 00:00:00+00:00,14,ETH,14,14,-0.7291874730659877,after
2025-09-16 00:00:00+00:00,14,XRP,14,14,-1.7078933790894073,after
2025-09-16 00:00:00+00:00,14,SOL,14,14,-2.127038416008703,after
2025-09-17 00:00:00+00:00,14,ETH,14,14,-0.581398795171463,after
2025-09-17 00:00:00+00:00,14,XRP,14,14,-1.5027816345444673,after
2025-09-17 00:00:00+00:00,14,SOL,14,14,-1.9814041577792283,after
2025-09-18 00:00:00+00:00,14,ETH,14,14,-0.7800699638785407,after
2025-09-18 00:00:00+00:00,14,XRP,14,14,-1.5632517276184963,after
2025-09-18 00:00:00+00:00,14,SOL,14,14,-1.913572798271196,after
2025-09-19 00:00:00+00:00,14,ETH,14,14,-0.3201703014965336,after
2025-09-19 00:00:00+00:00,14,XRP,14,14,-0.8821497658437067,after
2025-09-19 00:00:00+00:00,14,SOL,14,14,-1.2175082780916524,after
2025-09-20 00:00:00+00:00,14,ETH,14,14,-0.3866364796009254,after
2025-09-20 00:00:00+00:00,14,XRP,14,14,-0.7247863884076882,after
2025-09-20 00:00:00+00:00,14,SOL,14,14,-1.131078112032724,after
2025-09-21 00:00:00+00:00,14,ETH,14,14,0.10255557801856163,after
2025-09-21 00:00:00+00:00,14,XRP,14,14,-0.3563276701952187,after
2025-09-21 00:00:00+00:00,14,SOL,14,14,-0.7832156209857679,after
2025-09-22 00:00:00+00:00,14,ETH,14,14,0.533639606869313,after
2025-09-22 00:00:00+00:00,14,XRP,14,14,-0.030260445278642578,after
2025-09-22 00:00:00+00:00,14,SOL,14,14,-0.49267084784468995,after
2025-09-23 00:00:00+00:00,14,ETH,14,14,0.43623419176508627,after
2025-09-23 00:00:00+00:00,14,XRP,14,14,0.12408967130027726,after
2025-09-23 00:00:00+00:00,14,SOL,14,14,-0.7314291577471748,after
2025-09-24 00:00:00+00:00,14,ETH,14,14,0.5610282613483228,after
2025-09-24 00:00:00+00:00,14,XRP,14,14,0.21123031553115723,after
2025-09-24 00:00:00+00:00,14,SOL,14,14,-0.9266689846404708,after
2025-09-25 00:00:00+00:00,14,ETH,14,14,6.525236637641417,after
2025-09-25 00:00:00+00:00,14,XRP,14,14,3.727556236108029,after
2025-09-25 00:00:00+00:00,14,SOL,14,14,4.167531911908938,after
2025-09-26 00:00:00+00:00,14,ETH,14,14,8.458201041379999,after
2025-09-26 00:00:00+00:00,14,XRP,14,14,5.497028688935032,after
2025-09-26 00:00:00+00:00,14,SOL,14,14,5.5346231079130455,after
2025-09-27 00:00:00+00:00,14,ETH,14,14,7.989463433259722,after
2025-09-27 00:00:00+00:00,14,XRP,14,14,5.569508045546062,after
2025-09-27 00:00:00+00:00,14,SOL,14,14,5.163051552163397,after
2025-09-28 00:00:00+00:00,14,ETH,14,14,7.836829956391345,after
2025-09-28 00:00:00+00:00,14,XRP,14,14,5.615661873719805,after
2025-09-28 00:00:00+00:00,14,SOL,14,14,5.197208396402605,after
2025-09-29 00:00:00+00:00,14,ETH,14,14,8.018349793517016,after
2025-09-29 00:00:00+00:00,14,XRP,14,14,6.221765687369077,after
2025-09-29 00:00:00+00:00,14,SOL,14,14,6.692741118949563,after
2025-09-30 00:00:00+00:00,14,ETH,14,14,7.3673435429841945,after
2025-09-30 00:00:00+00:00,14,XRP,14,14,5.693448695708211,after
2025-09-30 00:00:00+00:00,14,SOL,14,14,6.145855739592511,after
2025-10-01 00:00:00+00:00,14,ETH,14,14,7.646146632746227,after
2025-10-01 00:00:00+00:00,14,XRP,14,14,5.880649253193285,after
2025-10-01 00:00:00+00:00,14,SOL,14,14,6.483367343334594,after
2025-10-02 00:00:00+00:00,14,ETH,14,14,7.963651466810218,after
2025-10-02 00:00:00+00:00,14,XRP,14,14,6.1263334682608654,after
2025-10-02 00:00:00+00:00,14,SOL,14,14,7.666325156487139,after
2025-10-03 00:00:00+00:00,14,ETH,14,14,7.890125795985192,after
2025-10-03 00:00:00+00:00,14,XRP,14,14,6.031849407363671,after
2025-10-03 00:00:00+00:00,14,SOL,14,14,7.542850555609443,after
2025-10-04 00:00:00+00:00,14,ETH,14,14,7.331050837080944,after
2025-10-04 00:00:00+00:00,14,XRP,14,14,5.654937075070702,after
2025-10-04 00:00:00+00:00,14,SOL,14,14,7.194911270390938,after
2025-10-05 00:00:00+00:00,14,ETH,14,14,7.9819162451005035,after
2025-10-05 00:00:00+00:00,14,XRP,14,14,6.183034459092591,after
2025-10-05 00:00:00+00:00,14,SOL,14,14,7.577192628100943,after
2025-10-06 00:00:00+00:00,14,ETH,14,14,8.42430464310952,after
2025-10-06 00:00:00+00:00,14,XRP,14,14,6.456211490670029,after
2025-10-06 00:00:00+00:00,14,SOL,14,14,7.709216672007771,after
2025-10-07 00:00:00+00:00,14,ETH,14,14,8.909921679178467,after
2025-10-07 00:00:00+00:00,14,XRP,14,14,6.528425143817936,after
2025-10-07 00:00:00+00:00,14,SOL,14,14,7.885361990138937,after
2025-10-08 00:00:00+00:00,14,ETH,14,14,9.243011848890438,after
2025-10-08 00:00:00+00:00,14,XRP,14,14,7.05216338458402,after
2025-10-08 00:00:00+00:00,14,SOL,14,14,8.330258236712137,after
2025-10-09 00:00:00+00:00,14,ETH,14,14,3.7299217620671676,after
2025-10-09 00:00:00+00:00,14,XRP,14,14,3.6592543602252476,after
2025-10-09 00:00:00+00:00,14,SOL,14,14,3.8790099332078976,after
2025-10-10 00:00:00+00:00,14,ETH,14,13,1.7858434745550174,after
2025-10-10 00:00:00+00:00,14,XRP,14,13,1.9826071587350764,after
2025-10-10 00:00:00+00:00,14,SOL,14,13,2.6794804866775914,after
2025-10-11 00:00:00+00:00,14,ETH,14,13,2.1918469287489817,after
2025-10-11 00:00:00+00:00,14,XRP,14,13,1.8769944999250097,after
2025-10-11 00:00:00+00:00,14,SOL,14,13,2.796478058377068,after
2025-10-12 00:00:00+00:00,14,ETH,14,13,-3.1829043922166136,after
2025-10-12 00:00:00+00:00,14,XRP,14,13,-1.4141777537093567,after
2025-10-12 00:00:00+00:00,14,SOL,14,13,-1.8559046602038585,after
2025-10-13 00:00:00+00:00,14,ETH,14,13,-4.77879526295591,after
2025-10-13 00:00:00+00:00,14,XRP,14,13,-3.1974961125657195,after
2025-10-13 00:00:00+00:00,14,SOL,14,13,-3.009826175540887,after
2025-10-14 00:00:00+00:00,14,ETH,14,13,-3.7015450260349,after
2025-10-14 00:00:00+00:00,14,XRP,14,13,-2.5135076564020853,after
2025-10-14 00:00:00+00:00,14,SOL,14,13,-1.977411733867818,after
2025-10-15 00:00:00+00:00,14,ETH,14,13,-3.30853020102402,after
2025-10-15 00:00:00+00:00,14,XRP,14,13,-2.382046879369387,after
2025-10-15 00:00:00+00:00,14,SOL,14,13,-2.016755476734202,after
2025-10-16 00:00:00+00:00,14,ETH,14,13,-3.3719658408231226,after
2025-10-16 00:00:00+00:00,14,XRP,14,13,-2.8280132867937553,after
2025-10-16 00:00:00+00:00,14,SOL,14,13,-3.148904220977034,after
2025-10-17 00:00:00+00:00,14,ETH,14,13,-2.8957011673736464,after
2025-10-17 00:00:00+00:00,14,XRP,14,13,-2.37121907725529,after
2025-10-17 00:00:00+00:00,14,SOL,14,13,-2.731561551043539,after
2025-10-18 00:00:00+00:00,14,ETH,14,13,-2.6305334704926935,after
2025-10-18 00:00:00+00:00,14,XRP,14,13,-2.090485184574254,after
2025-10-18 00:00:00+00:00,14,SOL,14,13,-2.680473101241697,after
2025-10-19 00:00:00+00:00,14,ETH,14,13,-3.529114641265947,after
2025-10-19 00:00:00+00:00,14,XRP,14,13,-2.9669566530451963,after
2025-10-19 00:00:00+00:00,14,SOL,14,13,-3.5341798682143306,after
2025-10-20 00:00:00+00:00,14,ETH,14,13,-3.6378609360549934,after
2025-10-20 00:00:00+00:00,14,XRP,14,13,-2.918303296591132,after
2025-10-20 00:00:00+00:00,14,SOL,14,13,-3.2261516703759376,after
2025-10-21 00:00:00+00:00,14,ETH,14,13,-3.5916799579983874,after
2025-10-21 00:00:00+00:00,14,XRP,14,13,-2.689642752812764,after
2025-10-21 00:00:00+00:00,14,SOL,14,13,-3.1303214024431103,after
2025-10-22 00:00:00+00:00,14,ETH,14,13,-4.111420711471972,after
2025-10-22 00:00:00+00:00,14,XRP,14,13,-3.181378846504023,after
2025-10-22 00:00:00+00:00,14,SOL,14,13,-3.404891362164257,after
2025-10-23 00:00:00+00:00,14,ETH,14,13,-3.969295183235092,after
2025-10-23 00:00:00+00:00,14,XRP,14,13,-2.6936523030219313,after
2025-10-23 00:00:00+00:00,14,SOL,14,13,-3.0656654073097602,after
2025-10-24 00:00:00+00:00,14,ETH,14,14,-4.475783388658966,after
2025-10-24 00:00:00+00:00,14,XRP,14,14,-2.8250710923160565,after
2025-10-24 00:00:00+00:00,14,SOL,14,14,-3.240922504504466,after
2025-10-25 00:00:00+00:00,14,ETH,14,14,-5.0702945002979956,after
2025-10-25 00:00:00+00:00,14,XRP,14,14,-3.261379581722176,after
2025-10-25 00:00:00+00:00,14,SOL,14,14,-3.4416014429612325,after
2025-10-26 00:00:00+00:00,14,ETH,14,14,0.9607955994193436,after
2025-10-26 00:00:00+00:00,14,XRP,14,14,0.5322460574112657,after
2025-10-26 00:00:00+00:00,14,SOL,14,14,1.7124973548542979,after
2025-10-27 00:00:00+00:00,14,ETH,13,14,2.7680183487149,after
2025-10-27 00:00:00+00:00,14,XRP,13,14,2.09853491944215,after
2025-10-27 00:00:00+00:00,14,SOL,13,14,2.8382765108599113,after
2025-10-28 00:00:00+00:00,14,ETH,13,14,1.9905027119292367,after
2025-10-28 00:00:00+00:00,14,XRP,13,14,1.6219380277577145,after
2025-10-28 00:00:00+00:00,14,SOL,13,14,2.164589373228335,after
2025-10-29 00:00:00+00:00,14,ETH,13,14,1.1939262672761384,after
2025-10-29 00:00:00+00:00,14,XRP,13,14,1.3467709471228702,after
2025-10-29 00:00:00+00:00,14,SOL,13,14,2.0023813300105004,after
2025-10-30 00:00:00+00:00,14,ETH,13,14,0.7420156284314974,after
2025-10-30 00:00:00+00:00,14,XRP,13,14,1.376909257479582,after
2025-10-30 00:00:00+00:00,14,SOL,13,14,1.6282061201675155,after
2025-10-31 00:00:00+00:00,14,ETH,13,14,0.0988495125096005,after
2025-10-31 00:00:00+00:00,14,XRP,13,14,0.7215769606948257,after
2025-10-31 00:00:00+00:00,14,SOL,13,14,0.7868991649248827,after
2025-11-01 00:00:00+00:00,14,ETH,13,14,-0.08853643941344203,after
2025-11-01 00:00:00+00:00,14,XRP,13,14,0.6152351819087087,after
2025-11-01 00:00:00+00:00,14,SOL,13,14,0.7167286524488414,after
2025-11-02 00:00:00+00:00,14,ETH,13,14,0.6905279512050253,after
2025-11-02 00:00:00+00:00,14,XRP,13,14,1.6544433126647462,after
2025-11-02 00:00:00+00:00,14,SOL,13,14,1.455459468069206,after
2025-11-03 00:00:00+00:00,14,ETH,13,14,0.46083998374128576,after
2025-11-03 00:00:00+00:00,14,XRP,13,14,1.2907564947211085,after
2025-11-03 00:00:00+00:00,14,SOL,13,14,1.0405972040687974,after
2025-11-04 00:00:00+00:00,14,ETH,13,14,0.0791050479026687,after
2025-11-04 00:00:00+00:00,14,XRP,13,14,1.0379772437442885,after
2025-11-04 00:00:00+00:00,14,SOL,13,14,1.0838821465636759,after
2025-11-05 00:00:00+00:00,14,ETH,13,14,0.9732215652931053,after
2025-11-05 00:00:00+00:00,14,XRP,13,14,2.1164363266239423,after
2025-11-05 00:00:00+00:00,14,SOL,13,14,1.9122196118260568,after
2025-11-06 00:00:00+00:00,14,ETH,13,14,1.012061804590985,after
2025-11-06 00:00:00+00:00,14,XRP,13,14,2.1905705959425177,after
2025-11-06 00:00:00+00:00,14,SOL,13,14,1.8276048256968593,after
2025-11-07 00:00:00+00:00,14,ETH,13,14,1.396593476560959,after
2025-11-07 00:00:00+00:00,14,XRP,13,14,2.254712877508757,after
2025-11-07 00:00:00+00:00,14,SOL,13,14,1.9135794578994076,after
2025-11-08 00:00:00+00:00,14,ETH,13,14,1.249599092924404,after
2025-11-08 00:00:00+00:00,14,XRP,13,14,2.023535025789675,after
2025-11-08 00:00:00+00:00,14,SOL,13,14,1.323837147941525,after
2025-11-09 00:00:00+00:00,14,ETH,13,14,0.588484069514223,after
2025-11-09 00:00:00+00:00,14,XRP,13,14,1.2241980721028405,after
2025-11-09 00:00:00+00:00,14,SOL,13,14,0.6189184689383502,after
2025-11-10 00:00:00+00:00,14,ETH,14,14,1.0610639542171345,after
2025-11-10 00:00:00+00:00,14,XRP,14,14,1.526316231392979,after
2025-11-10 00:00:00+00:00,14,SOL,14,14,0.8950642041839174,after
2025-11-11 00:00:00+00:00,14,ETH,14,14,1.3406800364527527,after
2025-11-11 00:00:00+00:00,14,XRP,14,14,1.780623234067118,after
2025-11-11 00:00:00+00:00,14,SOL,14,14,1.0105921083256426,after
2025-11-12 00:00:00+00:00,14,ETH,14,14,0.9118068839562881,after
2025-11-12 00:00:00+00:00,14,XRP,14,14,1.3607159512840088,after
2025-11-12 00:00:00+00:00,14,SOL,14,14,-0.2334005357119633,after
2025-11-13 00:00:00+00:00,14,ETH,14,14,-0.48276926169512,after
2025-11-13 00:00:00+00:00,14,XRP,14,14,0.23169379492336795,after
2025-11-13 00:00:00+00:00,14,SOL,14,14,-1.494498897239927,after
2025-11-14 00:00:00+00:00,14,ETH,14,14,0.4204343012427163,after
2025-11-14 00:00:00+00:00,14,XRP,14,14,1.1892937474054843,after
2025-11-14 00:00:00+00:00,14,SOL,14,14,-1.9377225779136715,after
2025-11-15 00:00:00+00:00,14,ETH,14,14,1.0590053162711275,after
2025-11-15 00:00:00+00:00,14,XRP,14,14,1.64936286673478,after
2025-11-15 00:00:00+00:00,14,SOL,14,14,-1.823129715543601,after
2025-11-16 00:00:00+00:00,14,ETH,14,14,9.750052028772624,after
2025-11-16 00:00:00+00:00,14,XRP,14,14,10.295780428566223,after
2025-11-16 00:00:00+00:00,14,SOL,14,14,1.3256572096225518,after
2025-11-17 00:00:00+00:00,14,ETH,14,14,12.245341996107959,after
2025-11-17 00:00:00+00:00,14,XRP,14,14,12.919087105598365,after
2025-11-17 00:00:00+00:00,14,SOL,14,14,2.142940140749749,after
2025-11-18 00:00:00+00:00,14,ETH,14,14,12.416667022782075,after
2025-11-18 00:00:00+00:00,14,XRP,14,14,13.124802990503769,after
2025-11-18 00:00:00+00:00,14,SOL,14,14,1.9096705707744537,after
2025-11-19 00:00:00+00:00,14,ETH,14,14,11.24538206727109,after
2025-11-19 00:00:00+00:00,14,XRP,14,14,11.852508092827971,after
2025-11-19 00:00:00+00:00,14,SOL,14,14,0.7067578064812192,after
2025-11-20 00:00:00+00:00,14,ETH,14,14,11.201347636517136,after
2025-11-20 00:00:00+00:00,14,XRP,14,14,11.81319256717667,after
2025-11-20 00:00:00+00:00,14,SOL,14,14,0.7539088658330968,after
2025-11-21 00:00:00+00:00,14,ETH,14,14,11.630786256227495,after
2025-11-21 00:00:00+00:00,14,XRP,14,14,12.104343943118435,after
2025-11-21 00:00:00+00:00,14,SOL,14,14,0.8594642019036183,after
2025-11-22 00:00:00+00:00,14,ETH,14,14,11.367662926510976,after
2025-11-22 00:00:00+00:00,14,XRP,14,14,11.860511188785765,after
2025-11-22 00:00:00+00:00,14,SOL,14,14,0.9310470896404599,after
2025-11-23 00:00:00+00:00,14,ETH,14,14,11.042644989605877,after
2025-11-23 00:00:00+00:00,14,XRP,14,14,11.567077140011973,after
2025-11-23 00:00:00+00:00,14,SOL,14,14,0.44728131103603275,after
2025-11-24 00:00:00+00:00,14,ETH,14,14,10.83326643428618,after
2025-11-24 00:00:00+00:00,14,XRP,14,14,11.495118759864608,after
2025-11-24 00:00:00+00:00,14,SOL,14,14,0.4899614301253514,after
2025-11-25 00:00:00+00:00,14,ETH,14,14,11.2763565835993,after
2025-11-25 00:00:00+00:00,14,XRP,14,14,11.862278850063696,after
2025-11-25 00:00:00+00:00,14,SOL,14,14,1.2368182823647658,after
2025-11-26 00:00:00+00:00,14,ETH,14,14,12.021348326031882,after
2025-11-26 00:00:00+00:00,14,XRP,14,14,12.493036737948566,after
2025-11-26 00:00:00+00:00,14,SOL,14,14,2.335059335625406,after
2025-11-27 00:00:00+00:00,14,ETH,14,14,13.11446555805404,after
2025-11-27 00:00:00+00:00,14,XRP,14,14,13.482864768940695,after
2025-11-27 00:00:00+00:00,14,SOL,14,14,3.5531654028080375,after
2025-11-28 00:00:00+00:00,14,ETH,14,14,12.553930354190056,after
2025-11-28 00:00:00+00:00,14,XRP,14,14,12.739814849083656,after
2025-11-28 00:00:00+00:00,14,SOL,14,14,4.601767304606177,after
2025-11-29 00:00:00+00:00,14,ETH,14,14,12.567770203607507,after
2025-11-29 00:00:00+00:00,14,XRP,14,14,12.835416621463393,after
2025-11-29 00:00:00+00:00,14,SOL,14,14,5.605210210359868,after
2025-11-30 00:00:00+00:00,14,ETH,14,14,5.385177837535727,after
2025-11-30 00:00:00+00:00,14,XRP,14,14,5.302474107769285,after
2025-11-30 00:00:00+00:00,14,SOL,14,14,3.953199920817177,after
2025-12-01 00:00:00+00:00,14,ETH,14,14,2.2823267464131636,after
2025-12-01 00:00:00+00:00,14,XRP,14,14,2.1422789309800674,after
2025-12-01 00:00:00+00:00,14,SOL,14,14,4.173305703911906,after
2025-12-02 00:00:00+00:00,14,ETH,14,14,2.524197183360503,after
2025-12-02 00:00:00+00:00,14,XRP,14,14,2.125997461057631,after
2025-12-02 00:00:00+00:00,14,SOL,14,14,5.067923495493595,after
2025-12-03 00:00:00+00:00,14,ETH,14,14,-5.920007664408715,after
2025-12-03 00:00:00+00:00,14,XRP,14,14,-6.52149450194748,after
2025-12-03 00:00:00+00:00,14,SOL,14,14,2.327559165060533,after
2025-12-04 00:00:00+00:00,14,ETH,14,14,-9.143975374935613,after
2025-12-04 00:00:00+00:00,14,XRP,14,14,-9.624438574322504,after
2025-12-04 00:00:00+00:00,14,SOL,14,14,1.0980495957792424,after
2025-12-05 00:00:00+00:00,14,ETH,14,14,-8.973367219673772,after
2025-12-05 00:00:00+00:00,14,XRP,14,14,-9.610945056706019,after
2025-12-05 00:00:00+00:00,14,SOL,14,14,1.8679007130385994,after
2025-12-06 00:00:00+00:00,14,ETH,14,14,-8.043189544333256,after
2025-12-06 00:00:00+00:00,14,XRP,14,14,-8.785506164635699,after
2025-12-06 00:00:00+00:00,14,SOL,14,14,2.9109194793480206,after
2025-12-07 00:00:00+00:00,14,ETH,14,14,-8.270733475863818,after
2025-12-07 00:00:00+00:00,14,XRP,14,14,-8.893038685330637,after
2025-12-07 00:00:00+00:00,14,SOL,14,14,2.8382996455639287,after
2025-12-08 00:00:00+00:00,14,ETH,14,14,-8.532560064862228,after
2025-12-08 00:00:00+00:00,14,XRP,14,14,-9.14827489119244,after
2025-12-08 00:00:00+00:00,14,SOL,14,14,2.506535538407247,after
2025-12-09 00:00:00+00:00,14,ETH,14,14,-8.72552056909893,after
2025-12-09 00:00:00+00:00,14,XRP,14,14,-9.352935857418682,after
2025-12-09 00:00:00+00:00,14,SOL,14,14,2.1250177651153486,after
2025-12-10 00:00:00+00:00,14,ETH,14,14,-8.427227326557691,after
2025-12-10 00:00:00+00:00,14,XRP,14,14,-9.22331440382126,after
2025-12-10 00:00:00+00:00,14,SOL,14,14,2.508982818512191,after
2025-12-11 00:00:00+00:00,14,ETH,14,14,-7.631321609122651,after
2025-12-11 00:00:00+00:00,14,XRP,14,14,-8.533849676355821,after
2025-12-11 00:00:00+00:00,14,SOL,14,14,3.0923245456826702,after
2025-12-12 00:00:00+00:00,14,ETH,14,14,-7.804734037703945,after
2025-12-12 00:00:00+00:00,14,XRP,14,14,-8.412245313543096,after
2025-12-12 00:00:00+00:00,14,SOL,14,14,2.774886784246526,after
2025-12-13 00:00:00+00:00,14,ETH,14,14,-7.826486326282808,after
2025-12-13 00:00:00+00:00,14,XRP,14,14,-8.623327579503481,after
2025-12-13 00:00:00+00:00,14,SOL,14,14,2.26267453555759,after
2025-12-14 00:00:00+00:00,14,ETH,14,14,-8.672053067430948,after
2025-12-14 00:00:00+00:00,14,XRP,14,14,-9.40862754459376,after
2025-12-14 00:00:00+00:00,14,SOL,14,14,1.24284360800565,after
2025-12-15 00:00:00+00:00,14,ETH,14,14,-7.5566223142458995,after
2025-12-15 00:00:00+00:00,14,XRP,14,14,-8.173974887882906,after
2025-12-15 00:00:00+00:00,14,SOL,14,14,0.8550997227798796,after
2025-12-16 00:00:00+00:00,14,ETH,14,14,-6.608954164261338,after
2025-12-16 00:00:00+00:00,14,XRP,14,14,-7.314701189980646,after
2025-12-16 00:00:00+00:00,14,SOL,14,14,1.0944283012480334,after
2025-12-17 00:00:00+00:00,14,ETH,14,14,2.7356508538745814,after
2025-12-17 00:00:00+00:00,14,XRP,14,14,2.1395162274463573,after
2025-12-17 00:00:00+00:00,14,SOL,14,14,4.833663076422562,after
2025-12-18 00:00:00+00:00,14,ETH,14,14,5.855693639738716,after
2025-12-18 00:00:00+00:00,14,XRP,14,14,5.120453296750673,after
2025-12-18 00:00:00+00:00,14,SOL,14,14,5.97076525224692,after
2025-12-19 00:00:00+00:00,14,ETH,14,14,5.014183324922069,after
2025-12-19 00:00:00+00:00,14,XRP,14,14,4.536611247047979,after
2025-12-19 00:00:00+00:00,14,SOL,14,14,4.512212033061775,after
2025-12-20 00:00:00+00:00,14,ETH,14,14,4.765434702152586,after
2025-12-20 00:00:00+00:00,14,XRP,14,14,4.513054124064993,after
2025-12-20 00:00:00+00:00,14,SOL,14,14,4.093647315945141,after
2025-12-21 00:00:00+00:00,14,ETH,14,14,5.910078224326265,after
2025-12-21 00:00:00+00:00,14,XRP,14,14,5.368589532663805,after
2025-12-21 00:00:00+00:00,14,SOL,14,14,5.012043518873853,after
2025-12-22 00:00:00+00:00,14,ETH,14,14,5.595593349950867,after
2025-12-22 00:00:00+00:00,14,XRP,14,14,5.181431786698035,after
2025-12-22 00:00:00+00:00,14,SOL,14,14,4.874676168606104,after
2025-12-23 00:00:00+00:00,14,ETH,14,14,5.123969058210413,after
2025-12-23 00:00:00+00:00,14,XRP,14,14,4.846691517268329,after
2025-12-23 00:00:00+00:00,14,SOL,14,14,4.205849901456151,after
2025-12-24 00:00:00+00:00,14,ETH,14,14,4.944977140560525,after
2025-12-24 00:00:00+00:00,14,XRP,14,14,4.641987636382876,after
2025-12-24 00:00:00+00:00,14,SOL,14,14,3.9587137919053568,after
2025-12-25 00:00:00+00:00,14,ETH,14,14,4.4601514715886665,after
2025-12-25 00:00:00+00:00,14,XRP,14,14,4.124225165856778,after
2025-12-25 00:00:00+00:00,14,SOL,14,14,3.4733227664151265,after
2025-12-26 00:00:00+00:00,14,ETH,14,14,4.845813535132439,after
2025-12-26 00:00:00+00:00,14,XRP,14,14,4.472784366765993,after
2025-12-26 00:00:00+00:00,14,SOL,14,14,3.9264442635909838,after
2025-12-27 00:00:00+00:00,14,ETH,14,14,3.72820213738979,after
2025-12-27 00:00:00+00:00,14,XRP,14,14,3.5684012160628846,after
2025-12-27 00:00:00+00:00,14,SOL,14,14,2.9472607974783642,after
2025-12-28 00:00:00+00:00,14,ETH,14,14,1.7866006802548604,after
2025-12-28 00:00:00+00:00,14,XRP,14,14,1.884630197997918,after
2025-12-28 00:00:00+00:00,14,SOL,14,14,1.4085545562570942,after
2025-12-29 00:00:00+00:00,14,ETH,14,14,0.8160662644181933,after
2025-12-29 00:00:00+00:00,14,XRP,14,14,0.8054601448370562,after
2025-12-29 00:00:00+00:00,14,SOL,14,14,0.5340388431997098,after
2025-12-30 00:00:00+00:00,14,ETH,14,14,-1.4708256434577827,after
2025-12-30 00:00:00+00:00,14,XRP,14,14,-1.070081684945027,after
2025-12-30 00:00:00+00:00,14,SOL,14,14,-1.0853143040550393,after
2025-12-31 00:00:00+00:00,14,ETH,14,14,-2.0732235855097088,after
2025-12-31 00:00:00+00:00,14,XRP,14,14,-1.6265561809998736,after
2025-12-31 00:00:00+00:00,14,SOL,14,14,-1.5717074252105796,after
2026-01-01 00:00:00+00:00,14,ETH,14,14,-3.076987890741016,after
2026-01-01 00:00:00+00:00,14,XRP,14,14,-2.549232925489605,after
2026-01-01 00:00:00+00:00,14,SOL,14,14,-2.8520491020965295,after
2026-01-02 00:00:00+00:00,14,ETH,14,14,-4.242648012031811,after
2026-01-02 00:00:00+00:00,14,XRP,14,14,-3.6235560801820554,after
2026-01-02 00:00:00+00:00,14,SOL,14,14,-3.5630871576957333,after
2026-01-03 00:00:00+00:00,14,ETH,14,14,-5.128094794416551,after
2026-01-03 00:00:00+00:00,14,XRP,14,14,-4.596949865731766,after
2026-01-03 00:00:00+00:00,14,SOL,14,14,-4.41734768952827,after
2026-01-04 00:00:00+00:00,14,ETH,14,14,-5.967969350532059,after
2026-01-04 00:00:00+00:00,14,XRP,14,14,-5.327512169452628,after
2026-01-04 00:00:00+00:00,14,SOL,14,14,-4.996066830653993,after
2026-01-05 00:00:00+00:00,14,ETH,14,14,-5.539772395163519,after
2026-01-05 00:00:00+00:00,14,XRP,14,14,-5.069652422801546,after
2026-01-05 00:00:00+00:00,14,SOL,14,14,-4.692879785398528,after
2026-01-06 00:00:00+00:00,14,ETH,14,14,-5.155029346613745,after
2026-01-06 00:00:00+00:00,14,XRP,14,14,-4.892119496575685,after
2026-01-06 00:00:00+00:00,14,SOL,14,14,-4.216743626701781,after
2026-01-07 00:00:00+00:00,14,ETH,14,14,-5.383986157568444,after
2026-01-07 00:00:00+00:00,14,XRP,14,14,-5.056127949805536,after
2026-01-07 00:00:00+00:00,14,SOL,14,14,-4.389938331127254,after
2026-01-08 00:00:00+00:00,14,ETH,14,14,-5.035474932678206,after
2026-01-08 00:00:00+00:00,14,XRP,14,14,-4.7607365208795756,after
2026-01-08 00:00:00+00:00,14,SOL,14,14,-4.173125153478491,after
2026-01-09 00:00:00+00:00,14,ETH,14,14,-4.774875165997102,after
2026-01-09 00:00:00+00:00,14,XRP,14,14,-4.5213978736693825,after
2026-01-09 00:00:00+00:00,14,SOL,14,14,-3.720817224626824,after
2026-01-10 00:00:00+00:00,14,ETH,14,14,-3.5808054375339395,after
2026-01-10 00:00:00+00:00,14,XRP,14,14,-3.399886188546102,after
2026-01-10 00:00:00+00:00,14,SOL,14,14,-2.6304221168418245,after
2026-01-11 00:00:00+00:00,14,ETH,14,14,-2.6487533584826117,after
2026-01-11 00:00:00+00:00,14,XRP,14,14,-2.6103626148892793,after
2026-01-11 00:00:00+00:00,14,SOL,14,14,-1.801991761920231,after
2026-01-12 00:00:00+00:00,14,ETH,14,14,-2.3792664903315597,after
2026-01-12 00:00:00+00:00,14,XRP,14,14,-2.4883530566154555,after
2026-01-12 00:00:00+00:00,14,SOL,14,14,-1.8042288209137034,after
2026-01-13 00:00:00+00:00,14,ETH,14,14,-0.7273260533311223,after
2026-01-13 00:00:00+00:00,14,XRP,14,14,-1.1041893956223774,after
2026-01-13 00:00:00+00:00,14,SOL,14,14,-0.6407725147434675,after
2026-01-14 00:00:00+00:00,14,ETH,14,14,0.15978897752628995,after
2026-01-14 00:00:00+00:00,14,XRP,14,14,-0.45216227307318846,after
2026-01-14 00:00:00+00:00,14,SOL,14,14,-0.10820767157695244,after
2026-01-15 00:00:00+00:00,14,ETH,14,14,1.6275327829374326,after
2026-01-15 00:00:00+00:00,14,XRP,14,14,0.9483364814165292,after
2026-01-15 00:00:00+00:00,14,SOL,14,14,1.4570876900404137,after
2026-01-16 00:00:00+00:00,14,ETH,14,14,3.6698727913966707,after
2026-01-16 00:00:00+00:00,14,XRP,14,14,2.611837944588409,after
2026-01-16 00:00:00+00:00,14,SOL,14,14,2.967025538791283,after
2026-01-17 00:00:00+00:00,14,ETH,14,14,4.5358470338253625,after
2026-01-17 00:00:00+00:00,14,XRP,14,14,3.5865389489682755,after
2026-01-17 00:00:00+00:00,14,SOL,14,14,3.8616840084177966,after
2026-01-18 00:00:00+00:00,14,ETH,14,14,5.41333981781078,after
2026-01-18 00:00:00+00:00,14,XRP,14,14,4.5464968009285975,after
2026-01-18 00:00:00+00:00,14,SOL,14,14,4.769473309329612,after
2026-01-19 00:00:00+00:00,14,ETH,14,14,6.096216270486504,after
2026-01-19 00:00:00+00:00,14,XRP,14,14,5.371879857174147,after
2026-01-19 00:00:00+00:00,14,SOL,14,14,5.28170822646371,after
2026-01-20 00:00:00+00:00,14,ETH,14,14,6.21712161226959,after
2026-01-20 00:00:00+00:00,14,XRP,14,14,5.757693354768747,after
2026-01-20 00:00:00+00:00,14,SOL,14,14,5.346935261344385,after
2026-01-21 00:00:00+00:00,14,ETH,14,14,6.6546567496810205,after
2026-01-21 00:00:00+00:00,14,XRP,14,14,6.108041923165771,after
2026-01-21 00:00:00+00:00,14,SOL,14,14,5.693141868749342,after
2026-01-22 00:00:00+00:00,14,ETH,14,14,6.338021840903016,after
2026-01-22 00:00:00+00:00,14,XRP,14,14,5.98632569538259,after
2026-01-22 00:00:00+00:00,14,SOL,14,14,5.727155148073646,after
2026-01-23 00:00:00+00:00,14,ETH,14,14,6.139002416245539,after
2026-01-23 00:00:00+00:00,14,XRP,14,14,5.892436532528237,after
2026-01-23 00:00:00+00:00,14,SOL,14,14,5.623019570257426,after
2026-01-24 00:00:00+00:00,14,ETH,14,14,6.217465362202105,after
2026-01-24 00:00:00+00:00,14,XRP,14,14,6.058786296614436,after
2026-01-24 00:00:00+00:00,14,SOL,14,14,5.603325987109056,after
2026-01-25 00:00:00+00:00,14,ETH,14,14,6.537557077562024,after
2026-01-25 00:00:00+00:00,14,XRP,14,14,6.445091332341136,after
2026-01-25 00:00:00+00:00,14,SOL,14,14,5.907439109527893,after
2026-01-26 00:00:00+00:00,14,ETH,14,14,6.924755071118462,after
2026-01-26 00:00:00+00:00,14,XRP,14,14,6.790562749767567,after
2026-01-26 00:00:00+00:00,14,SOL,14,14,6.292684918560774,after
2026-01-27 00:00:00+00:00,14,ETH,14,14,7.3025926036332045,after
2026-01-27 00:00:00+00:00,14,XRP,14,14,7.180756290267077,after
2026-01-27 00:00:00+00:00,14,SOL,14,14,6.7324492457986125,after
2026-01-28 00:00:00+00:00,14,ETH,14,14,7.149201604045622,after
2026-01-28 00:00:00+00:00,14,XRP,14,14,7.415195751763726,after
2026-01-28 00:00:00+00:00,14,SOL,14,14,6.833823357560625,after
2026-01-29 00:00:00+00:00,14,ETH,14,14,6.831328739310425,after
2026-01-29 00:00:00+00:00,14,XRP,14,14,7.1873594627612505,after
2026-01-29 00:00:00+00:00,14,SOL,14,14,6.582227899972839,after
2026-01-30 00:00:00+00:00,14,ETH,14,14,6.517412570546835,after
2026-01-30 00:00:00+00:00,14,XRP,14,14,7.188959024310499,after
2026-01-30 00:00:00+00:00,14,SOL,14,14,6.653055172701336,after
2026-01-31 00:00:00+00:00,14,ETH,14,14,6.178482045441726,after
2026-01-31 00:00:00+00:00,14,XRP,14,14,6.910650403798748,after
2026-01-31 00:00:00+00:00,14,SOL,14,14,6.432498601181585,after
2026-02-01 00:00:00+00:00,14,ETH,14,14,5.894134829375751,after
2026-02-01 00:00:00+00:00,14,XRP,14,14,6.7613733886717995,after
2026-02-01 00:00:00+00:00,14,SOL,14,14,6.150995965741185,after
2026-02-02 00:00:00+00:00,14,ETH,14,14,5.109291563230727,after
2026-02-02 00:00:00+00:00,14,XRP,14,14,6.069658209679243,after
2026-02-02 00:00:00+00:00,14,SOL,14,14,5.47943858538045,after
2026-02-03 00:00:00+00:00,14,ETH,14,14,4.653193519235465,after
2026-02-03 00:00:00+00:00,14,XRP,14,14,5.395405779653554,after
2026-02-03 00:00:00+00:00,14,SOL,14,14,4.9699621401266505,after
2026-02-04 00:00:00+00:00,14,ETH,14,14,4.547980647018523,after
2026-02-04 00:00:00+00:00,14,XRP,14,14,5.196814822739164,after
2026-02-04 00:00:00+00:00,14,SOL,14,14,4.84734713120837,after
2026-02-05 00:00:00+00:00,14,ETH,14,14,4.90506189240503,after
2026-02-05 00:00:00+00:00,14,XRP,14,14,5.369526130137885,after
2026-02-05 00:00:00+00:00,14,SOL,14,14,5.1331464404090035,after
2026-02-06 00:00:00+00:00,14,ETH,14,14,5.054920495702667,after
2026-02-06 00:00:00+00:00,14,XRP,14,14,5.273587427599846,after
2026-02-06 00:00:00+00:00,14,SOL,14,14,5.138056728558311,after
2026-02-07 00:00:00+00:00,14,ETH,14,14,5.046330281678944,after
2026-02-07 00:00:00+00:00,14,XRP,14,14,5.374296201834646,after
2026-02-07 00:00:00+00:00,14,SOL,14,14,5.0583457693776595,after
2026-02-08 00:00:00+00:00,14,ETH,14,14,5.374417500917726,after
2026-02-08 00:00:00+00:00,14,XRP,14,14,5.579644910492334,after
2026-02-08 00:00:00+00:00,14,SOL,14,14,5.224603656187913,after
2026-02-09 00:00:00+00:00,14,ETH,14,14,5.097888299761102,after
2026-02-09 00:00:00+00:00,14,XRP,14,14,5.487367126341834,after
2026-02-09 00:00:00+00:00,14,SOL,14,14,4.885236967078704,after
2026-02-10 00:00:00+00:00,14,ETH,14,14,3.7656261886739273,after
2026-02-10 00:00:00+00:00,14,XRP,14,14,4.319930454541257,after
2026-02-10 00:00:00+00:00,14,SOL,14,14,3.67415798668938,after
2026-02-11 00:00:00+00:00,14,ETH,14,14,3.4176999535615664,after
2026-02-11 00:00:00+00:00,14,XRP,14,14,3.892029893909463,after
2026-02-11 00:00:00+00:00,14,SOL,14,14,3.3862987690310256,after
2026-02-12 00:00:00+00:00,14,ETH,14,14,2.93272619725499,after
2026-02-12 00:00:00+00:00,14,XRP,14,14,3.4486436829396467,after
2026-02-12 00:00:00+00:00,14,SOL,14,14,3.067416413144823,after
2026-02-13 00:00:00+00:00,14,ETH,14,14,1.5138135723115305,after
2026-02-13 00:00:00+00:00,14,XRP,14,14,2.1612143299152144,after
2026-02-13 00:00:00+00:00,14,SOL,14,14,1.6165891442828553,after
2026-02-14 00:00:00+00:00,14,ETH,14,14,1.2690774154972289,after
2026-02-14 00:00:00+00:00,14,XRP,14,14,1.6340396290125945,after
2026-02-14 00:00:00+00:00,14,SOL,14,14,1.0518166145535233,after
2026-02-15 00:00:00+00:00,14,ETH,14,14,0.8904648245503886,after
2026-02-15 00:00:00+00:00,14,XRP,14,14,1.1488010721653446,after
2026-02-15 00:00:00+00:00,14,SOL,14,14,0.6945189326845451,after
2026-02-16 00:00:00+00:00,14,ETH,14,14,1.1516968623727593,after
2026-02-16 00:00:00+00:00,14,XRP,14,14,1.2762461406450676,after
2026-02-16 00:00:00+00:00,14,SOL,14,14,0.8750823129194352,after
2026-02-17 00:00:00+00:00,14,ETH,14,14,2.0236834139122237,after
2026-02-17 00:00:00+00:00,14,XRP,14,14,2.0618940576647518,after
2026-02-17 00:00:00+00:00,14,SOL,14,14,1.6673188339136722,after
2026-02-18 00:00:00+00:00,14,ETH,14,14,1.0853252945042264,after
2026-02-18 00:00:00+00:00,14,XRP,14,14,1.1995535721334853,after
2026-02-18 00:00:00+00:00,14,SOL,14,14,0.8237266084940629,after
2026-02-19 00:00:00+00:00,14,ETH,14,14,1.0303763762286877,after
2026-02-19 00:00:00+00:00,14,XRP,14,14,1.2569063232003934,after
2026-02-19 00:00:00+00:00,14,SOL,14,14,0.7891576717726281,after
2026-02-20 00:00:00+00:00,14,ETH,14,14,1.003832426440031,after
2026-02-20 00:00:00+00:00,14,XRP,14,14,1.276144973679994,after
2026-02-20 00:00:00+00:00,14,SOL,14,14,0.6897054009446038,after
2026-02-21 00:00:00+00:00,14,ETH,14,14,0.3061398471091543,after
2026-02-21 00:00:00+00:00,14,XRP,14,14,0.3681343909063486,after
2026-02-21 00:00:00+00:00,14,SOL,14,14,0.18923330568367902,after
2026-02-22 00:00:00+00:00,14,ETH,14,14,-1.2259048653592188,after
2026-02-22 00:00:00+00:00,14,XRP,14,14,-1.0993383238183156,after
2026-02-22 00:00:00+00:00,14,SOL,14,14,-1.1236466452334568,after
2026-02-23 00:00:00+00:00,14,ETH,14,14,-1.5322603641790309,after
2026-02-23 00:00:00+00:00,14,XRP,14,14,-1.3781765470195708,after
2026-02-23 00:00:00+00:00,14,SOL,14,14,-1.3416116327420617,after
2026-02-24 00:00:00+00:00,14,ETH,14,14,-1.9648323842866127,after
2026-02-24 00:00:00+00:00,14,XRP,14,14,-1.9280406623164588,after
2026-02-24 00:00:00+00:00,14,SOL,14,14,-1.6995898468319623,after
2026-02-25 00:00:00+00:00,14,ETH,14,14,-2.4637340648276584,after
2026-02-25 00:00:00+00:00,14,XRP,14,14,-2.452215154284133,after
2026-02-25 00:00:00+00:00,14,SOL,14,14,-2.296564827082687,after
2026-02-26 00:00:00+00:00,14,ETH,14,14,-2.746440594588364,after
2026-02-26 00:00:00+00:00,14,XRP,14,14,-2.9299404351191782,after
2026-02-26 00:00:00+00:00,14,SOL,14,14,-2.778808671506603,after
2026-02-27 00:00:00+00:00,14,ETH,14,14,-1.347882472169271,after
2026-02-27 00:00:00+00:00,14,XRP,14,14,-1.6804122534108998,after
2026-02-27 00:00:00+00:00,14,SOL,14,14,-1.3991548584512437,after
2026-02-28 00:00:00+00:00,14,ETH,14,14,-1.1581584979467188,after
2026-02-28 00:00:00+00:00,14,XRP,14,14,-1.4763427380389444,after
2026-02-28 00:00:00+00:00,14,SOL,14,14,-1.1415751634605407,after
2026-03-01 00:00:00+00:00,14,ETH,14,14,-1.6040635689056906,after
2026-03-01 00:00:00+00:00,14,XRP,14,14,-1.969587629067,after
2026-03-01 00:00:00+00:00,14,SOL,14,14,-1.7281067418079523,after
2026-03-02 00:00:00+00:00,14,ETH,14,14,-0.9287421515270466,after
2026-03-02 00:00:00+00:00,14,XRP,14,14,-1.4972032816043743,after
2026-03-02 00:00:00+00:00,14,SOL,14,14,-1.1351061585928548,after
2026-03-03 00:00:00+00:00,14,ETH,14,14,-1.5355699946304568,after
2026-03-03 00:00:00+00:00,14,XRP,14,14,-2.1751643957326117,after
2026-03-03 00:00:00+00:00,14,SOL,14,14,-1.6577923634675749,after
2025-08-31 00:00:00+00:00,28,ETH,28,28,0.37087834084987925,after
2025-08-31 00:00:00+00:00,28,XRP,28,28,0.08227528970994769,after
2025-08-31 00:00:00+00:00,28,SOL,28,28,-0.36810465381755186,after
2025-09-01 00:00:00+00:00,28,ETH,28,28,0.6883747948043286,after
2025-09-01 00:00:00+00:00,28,XRP,28,28,0.2637895176486147,after
2025-09-01 00:00:00+00:00,28,SOL,28,28,-0.6162446454622899,after
2025-09-02 00:00:00+00:00,28,ETH,28,28,0.5356794048349567,after
2025-09-02 00:00:00+00:00,28,XRP,28,28,-0.06261075803075222,after
2025-09-02 00:00:00+00:00,28,SOL,28,28,-1.0051460470758933,after
2025-09-03 00:00:00+00:00,28,ETH,28,28,0.6158857753414875,after
2025-09-03 00:00:00+00:00,28,XRP,28,28,-0.017876652014631844,after
2025-09-03 00:00:00+00:00,28,SOL,28,28,-0.9145967670080122,after
2025-09-04 00:00:00+00:00,28,ETH,28,28,0.5180022091992793,after
2025-09-04 00:00:00+00:00,28,XRP,28,28,-0.3194712774663131,after
2025-09-04 00:00:00+00:00,28,SOL,28,28,-1.0817973584744465,after
2025-09-05 00:00:00+00:00,28,ETH,28,28,0.1485213594450201,after
2025-09-05 00:00:00+00:00,28,XRP,28,28,-0.7492011543967969,after
2025-09-05 00:00:00+00:00,28,SOL,28,28,-1.4156882385144662,after
2025-09-06 00:00:00+00:00,28,ETH,28,28,0.15931168108202698,after
2025-09-06 00:00:00+00:00,28,XRP,28,28,-0.7720719360660535,after
2025-09-06 00:00:00+00:00,28,SOL,28,28,-1.242016030245626,after
2025-09-07 00:00:00+00:00,28,ETH,28,28,-0.13454210209474304,after
2025-09-07 00:00:00+00:00,28,XRP,28,28,-0.9891981690264249,after
2025-09-07 00:00:00+00:00,28,SOL,28,28,-1.388775849818515,after
2025-09-08 00:00:00+00:00,28,ETH,28,28,-0.5034976912867997,after
2025-09-08 00:00:00+00:00,28,XRP,28,28,-1.1328748297887028,after
2025-09-08 00:00:00+00:00,28,SOL,28,28,-1.6174507315588098,after
2025-09-09 00:00:00+00:00,28,ETH,28,28,-0.36662823855159665,after
2025-09-09 00:00:00+00:00,28,XRP,28,28,-1.0161090456178314,after
2025-09-09 00:00:00+00:00,28,SOL,28,28,-1.5743860794239932,after
2025-09-10 00:00:00+00:00,28,ETH,28,28,-0.4813449354039232,after
2025-09-10 00:00:00+00:00,28,XRP,28,28,-1.014889093250785,after
2025-09-10 00:00:00+00:00,28,SOL,28,28,-1.5779582441158002,after
2025-09-11 00:00:00+00:00,28,ETH,28,28,2.2016467507698927,after
2025-09-11 00:00:00+00:00,28,XRP,28,28,0.5376157211814565,after
2025-09-11 00:00:00+00:00,28,SOL,28,28,0.5379103473088485,after
2025-09-12 00:00:00+00:00,28,ETH,28,28,3.1788974152143794,after
2025-09-12 00:00:00+00:00,28,XRP,28,28,1.1929371594978928,after
2025-09-12 00:00:00+00:00,28,SOL,28,28,1.0853451980763182,after
2025-09-13 00:00:00+00:00,28,ETH,28,28,3.362316343705034,after
2025-09-13 00:00:00+00:00,28,XRP,28,28,1.5858282699907988,after
2025-09-13 00:00:00+00:00,28,SOL,28,28,1.428540331076027,after
2025-09-14 00:00:00+00:00,28,ETH,28,28,3.1673473271583745,after
2025-09-14 00:00:00+00:00,28,XRP,28,28,1.6325556333022604,after
2025-09-14 00:00:00+00:00,28,SOL,28,28,1.349562221922401,after
2025-09-15 00:00:00+00:00,28,ETH,28,28,2.907982387741999,after
2025-09-15 00:00:00+00:00,28,XRP,28,28,1.3344977621078051,after
2025-09-15 00:00:00+00:00,28,SOL,28,28,1.0746449292608506,after
2025-09-16 00:00:00+00:00,28,ETH,28,28,3.035754806881707,after
2025-09-16 00:00:00+00:00,28,XRP,28,28,1.479682162871688,after
2025-09-16 00:00:00+00:00,28,SOL,28,28,1.1814030596201412,after
2025-09-17 00:00:00+00:00,28,ETH,28,28,3.2522150806614487,after
2025-09-17 00:00:00+00:00,28,XRP,28,28,1.6456478025791874,after
2025-09-17 00:00:00+00:00,28,SOL,28,28,1.4301523327947407,after
2025-09-18 00:00:00+00:00,28,ETH,28,28,3.4138714729242547,after
2025-09-18 00:00:00+00:00,28,XRP,28,28,1.8230182710008709,after
2025-09-18 00:00:00+00:00,28,SOL,28,28,1.6852386524006295,after
2025-09-19 00:00:00+00:00,28,ETH,28,28,3.4108266057589454,after
2025-09-19 00:00:00+00:00,28,XRP,28,28,1.7449696695225931,after
2025-09-19 00:00:00+00:00,28,SOL,28,28,1.5971847015822895,after
2025-09-20 00:00:00+00:00,28,ETH,28,28,3.074584170061092,after
2025-09-20 00:00:00+00:00,28,XRP,28,28,1.6403104885413988,after
2025-09-20 00:00:00+00:00,28,SOL,28,28,1.3984541645772097,after
2025-09-21 00:00:00+00:00,28,ETH,28,28,3.571869369961739,after
2025-09-21 00:00:00+00:00,28,XRP,28,28,1.9594395307636,after
2025-09-21 00:00:00+00:00,28,SOL,28,28,1.7428165519136485,after
2025-09-22 00:00:00+00:00,28,ETH,28,28,3.9588479983025984,after
2025-09-22 00:00:00+00:00,28,XRP,28,28,2.1516738826994963,after
2025-09-22 00:00:00+00:00,28,SOL,28,28,1.9544061408195734,after
2025-09-23 00:00:00+00:00,28,ETH,28,28,3.882615572801596,after
2025-09-23 00:00:00+00:00,28,XRP,28,28,2.1660134609834465,after
2025-09-23 00:00:00+00:00,28,SOL,28,28,1.9305414706257853,after
2025-09-24 00:00:00+00:00,28,ETH,28,28,4.509872964412663,after
2025-09-24 00:00:00+00:00,28,XRP,28,28,2.7873589055008967,after
2025-09-24 00:00:00+00:00,28,SOL,28,28,2.3172880406066714,after
2025-09-25 00:00:00+00:00,28,ETH,28,28,4.686005144586371,after
2025-09-25 00:00:00+00:00,28,XRP,28,28,2.7746926901691698,after
2025-09-25 00:00:00+00:00,28,SOL,28,28,2.5711323047616634,after
2025-09-26 00:00:00+00:00,28,ETH,28,27,4.933069654183642,after
2025-09-26 00:00:00+00:00,28,XRP,28,27,2.939244949152622,after
2025-09-26 00:00:00+00:00,28,SOL,28,27,2.8296262813980793,after
2025-09-27 00:00:00+00:00,28,ETH,28,27,4.964887932128509,after
2025-09-27 00:00:00+00:00,28,XRP,28,27,3.05743569548539,after
2025-09-27 00:00:00+00:00,28,SOL,28,27,2.8118138095049527,after
2025-09-28 00:00:00+00:00,28,ETH,28,27,4.853844931645572,after
2025-09-28 00:00:00+00:00,28,XRP,28,27,3.0240608159808033,after
2025-09-28 00:00:00+00:00,28,SOL,28,27,2.887387404572765,after
2025-09-29 00:00:00+00:00,28,ETH,28,27,5.117446456120405,after
2025-09-29 00:00:00+00:00,28,XRP,28,27,3.211990650209497,after
2025-09-29 00:00:00+00:00,28,SOL,28,27,3.7478195413480524,after
2025-09-30 00:00:00+00:00,28,ETH,28,27,5.390718870755615,after
2025-09-30 00:00:00+00:00,28,XRP,28,27,3.598853821724063,after
2025-09-30 00:00:00+00:00,28,SOL,28,27,4.221150629344889,after
2025-10-01 00:00:00+00:00,28,ETH,28,27,5.5485080149981645,after
2025-10-01 00:00:00+00:00,28,XRP,28,27,3.756938192429619,after
2025-10-01 00:00:00+00:00,28,SOL,28,27,4.298762664846478,after
2025-10-02 00:00:00+00:00,28,ETH,28,27,5.564588984711197,after
2025-10-02 00:00:00+00:00,28,XRP,28,27,3.7229405421502566,after
2025-10-02 00:00:00+00:00,28,SOL,28,27,4.82052182910013,after
2025-10-03 00:00:00+00:00,28,ETH,28,27,5.864414949543075,after
2025-10-03 00:00:00+00:00,28,XRP,28,27,4.09122110506515,after
2025-10-03 00:00:00+00:00,28,SOL,28,27,5.17240339516516,after
2025-10-04 00:00:00+00:00,28,ETH,28,27,5.880482562411055,after
2025-10-04 00:00:00+00:00,28,XRP,28,27,4.21817738164798,after
2025-10-04 00:00:00+00:00,28,SOL,28,27,5.239088413234558,after
2025-10-05 00:00:00+00:00,28,ETH,28,27,6.088334400381118,after
2025-10-05 00:00:00+00:00,28,XRP,28,27,4.406059482861533,after
2025-10-05 00:00:00+00:00,28,SOL,28,27,5.376409730812998,after
2025-10-06 00:00:00+00:00,28,ETH,28,27,6.610571402643098,after
2025-10-06 00:00:00+00:00,28,XRP,28,27,4.790573344577377,after
2025-10-06 00:00:00+00:00,28,SOL,28,27,5.781109200081939,after
2025-10-07 00:00:00+00:00,28,ETH,28,27,6.576996583751146,after
2025-10-07 00:00:00+00:00,28,XRP,28,27,4.779840914403204,after
2025-10-07 00:00:00+00:00,28,SOL,28,27,5.627009869263164,after
2025-10-08 00:00:00+00:00,28,ETH,28,27,6.971428024028926,after
2025-10-08 00:00:00+00:00,28,XRP,28,27,5.091579435760758,after
2025-10-08 00:00:00+00:00,28,SOL,28,27,5.93923604123435,after
2025-10-09 00:00:00+00:00,28,ETH,28,27,4.505906378729314,after
2025-10-09 00:00:00+00:00,28,XRP,28,27,3.8135760164799475,after
2025-10-09 00:00:00+00:00,28,SOL,28,27,4.041760382629603,after
2025-10-10 00:00:00+00:00,28,ETH,28,27,3.4528782473139614,after
2025-10-10 00:00:00+00:00,28,XRP,28,27,2.973692223534689,after
2025-10-10 00:00:00+00:00,28,SOL,28,27,3.4655708224538877,after
2025-10-11 00:00:00+00:00,28,ETH,28,27,3.4484628189982534,after
2025-10-11 00:00:00+00:00,28,XRP,28,27,2.8779755209724858,after
2025-10-11 00:00:00+00:00,28,SOL,28,27,3.3879599903820985,after
2025-10-12 00:00:00+00:00,28,ETH,28,27,1.0361947856753098,after
2025-10-12 00:00:00+00:00,28,XRP,28,27,1.4757996348556208,after
2025-10-12 00:00:00+00:00,28,SOL,28,27,1.4853848004574886,after
2025-10-13 00:00:00+00:00,28,ETH,28,27,0.3947868309698723,after
2025-10-13 00:00:00+00:00,28,XRP,28,27,0.8848259188076515,after
2025-10-13 00:00:00+00:00,28,SOL,28,27,1.1659692882835326,after
2025-10-14 00:00:00+00:00,28,ETH,28,27,0.4301457991659756,after
2025-10-14 00:00:00+00:00,28,XRP,28,27,0.7839855223070646,after
2025-10-14 00:00:00+00:00,28,SOL,28,27,1.1369695813239797,after
2025-10-15 00:00:00+00:00,28,ETH,28,27,0.4619337462667108,after
2025-10-15 00:00:00+00:00,28,XRP,28,27,0.7624940436459617,after
2025-10-15 00:00:00+00:00,28,SOL,28,27,1.161699848488027,after
2025-10-16 00:00:00+00:00,28,ETH,28,27,0.3835132825310872,after
2025-10-16 00:00:00+00:00,28,XRP,28,27,0.5251487487463038,after
2025-10-16 00:00:00+00:00,28,SOL,28,27,1.0025944221643464,after
2025-10-17 00:00:00+00:00,28,ETH,28,27,0.6107380122116322,after
2025-10-17 00:00:00+00:00,28,XRP,28,27,0.7485344457274508,after
2025-10-17 00:00:00+00:00,28,SOL,28,27,1.2029146637331998,after
2025-10-18 00:00:00+00:00,28,ETH,28,27,0.5860639328887824,after
2025-10-18 00:00:00+00:00,28,XRP,28,27,0.7890975963964397,after
2025-10-18 00:00:00+00:00,28,SOL,28,27,1.0112547528443674,after
2025-10-19 00:00:00+00:00,28,ETH,28,27,0.49937056364336385,after
2025-10-19 00:00:00+00:00,28,XRP,28,27,0.7609120831712293,after
2025-10-19 00:00:00+00:00,28,SOL,28,27,0.8712992952918164,after
2025-10-20 00:00:00+00:00,28,ETH,28,27,0.4343721989503422,after
2025-10-20 00:00:00+00:00,28,XRP,28,27,0.6749488056190582,after
2025-10-20 00:00:00+00:00,28,SOL,28,27,0.8771557204195748,after
2025-10-21 00:00:00+00:00,28,ETH,28,27,0.6136144583208303,after
2025-10-21 00:00:00+00:00,28,XRP,28,27,0.9135832532321881,after
2025-10-21 00:00:00+00:00,28,SOL,28,27,1.1611364929970076,after
2025-10-22 00:00:00+00:00,28,ETH,28,27,0.41833443143999993,after
2025-10-22 00:00:00+00:00,28,XRP,28,27,0.9319695766302445,after
2025-10-22 00:00:00+00:00,28,SOL,28,27,1.185253250259592,after
2025-10-23 00:00:00+00:00,28,ETH,28,27,0.5800660556404917,after
2025-10-23 00:00:00+00:00,28,XRP,28,27,1.283308805242898,after
2025-10-23 00:00:00+00:00,28,SOL,28,27,1.5026902094076569,after
2025-10-24 00:00:00+00:00,28,ETH,28,28,0.27321395817235405,after
2025-10-24 00:00:00+00:00,28,XRP,28,28,1.1024553804153676,after
2025-10-24 00:00:00+00:00,28,SOL,28,28,1.3126854442954166,after
2025-10-25 00:00:00+00:00,28,ETH,28,28,0.06111956346529013,after
2025-10-25 00:00:00+00:00,28,XRP,28,28,0.7675819075853791,after
2025-10-25 00:00:00+00:00,28,SOL,28,28,1.1049929338384281,after
2025-10-26 00:00:00+00:00,28,ETH,28,28,0.16886039486516147,after
2025-10-26 00:00:00+00:00,28,XRP,28,28,1.0033076737809363,after
2025-10-26 00:00:00+00:00,28,SOL,28,28,1.2043089778749856,after
2025-10-27 00:00:00+00:00,28,ETH,27,28,0.0974210161107365,after
2025-10-27 00:00:00+00:00,28,XRP,27,28,0.9602526431741385,after
2025-10-27 00:00:00+00:00,28,SOL,27,28,1.1255556814417123,after
2025-10-28 00:00:00+00:00,28,ETH,27,28,-0.11172162742905911,after
2025-10-28 00:00:00+00:00,28,XRP,27,28,0.7644523243034396,after
2025-10-28 00:00:00+00:00,28,SOL,27,28,0.8960730603786651,after
2025-10-29 00:00:00+00:00,28,ETH,27,28,-0.36394112577916005,after
2025-10-29 00:00:00+00:00,28,XRP,27,28,0.6328048703145193,after
2025-10-29 00:00:00+00:00,28,SOL,27,28,0.5958068821868743,after
2025-10-30 00:00:00+00:00,28,ETH,27,28,-1.210148152842594,after
2025-10-30 00:00:00+00:00,28,XRP,27,28,0.071586496324608,after
2025-10-30 00:00:00+00:00,28,SOL,27,28,-0.7271777000381583,after
2025-10-31 00:00:00+00:00,28,ETH,27,28,-1.2088389308591694,after
2025-10-31 00:00:00+00:00,28,XRP,27,28,0.089847922573,after
2025-10-31 00:00:00+00:00,28,SOL,27,28,-1.588671246687083,after
2025-11-01 00:00:00+00:00,28,ETH,27,28,-1.2761892913669008,after
2025-11-01 00:00:00+00:00,28,XRP,27,28,0.0909791987639057,after
2025-11-01 00:00:00+00:00,28,SOL,27,28,-1.7020008296308529,after
2025-11-02 00:00:00+00:00,28,ETH,27,28,3.246344157517962,after
2025-11-02 00:00:00+00:00,28,XRP,27,28,4.783392327230008,after
2025-11-02 00:00:00+00:00,28,SOL,27,28,0.055664677575178345,after
2025-11-03 00:00:00+00:00,28,ETH,27,28,4.403899666758543,after
2025-11-03 00:00:00+00:00,28,XRP,27,28,5.958067095464063,after
2025-11-03 00:00:00+00:00,28,SOL,27,28,0.315301963837884,after
2025-11-04 00:00:00+00:00,28,ETH,27,28,4.442246394368647,after
2025-11-04 00:00:00+00:00,28,XRP,27,28,6.042491679360772,after
2025-11-04 00:00:00+00:00,28,SOL,27,28,0.19625524276847095,after
2025-11-05 00:00:00+00:00,28,ETH,27,28,4.293855712321614,after
2025-11-05 00:00:00+00:00,28,XRP,27,28,6.043483638567151,after
2025-11-05 00:00:00+00:00,28,SOL,27,28,0.05667577765940024,after
2025-11-06 00:00:00+00:00,28,ETH,27,28,4.055599452971579,after
2025-11-06 00:00:00+00:00,28,XRP,27,28,5.816129685518204,after
2025-11-06 00:00:00+00:00,28,SOL,27,28,-0.16409316884361047,after
2025-11-07 00:00:00+00:00,28,ETH,27,28,4.3622717151635495,after
2025-11-07 00:00:00+00:00,28,XRP,27,28,6.080099464325022,after
2025-11-07 00:00:00+00:00,28,SOL,27,28,0.06883899690909345,after
2025-11-08 00:00:00+00:00,28,ETH,27,28,4.045481391755914,after
2025-11-08 00:00:00+00:00,28,XRP,27,28,5.8303007964520805,after
2025-11-08 00:00:00+00:00,28,SOL,27,28,-0.24887086017865734,after
2025-11-09 00:00:00+00:00,28,ETH,27,28,6.521545267840224,after
2025-11-09 00:00:00+00:00,28,XRP,27,28,7.177210068857242,after
2025-11-09 00:00:00+00:00,28,SOL,27,28,1.6294792785333794,after
2025-11-10 00:00:00+00:00,28,ETH,27,28,7.523054357543382,after
2025-11-10 00:00:00+00:00,28,XRP,27,28,8.006093032613522,after
2025-11-10 00:00:00+00:00,28,SOL,27,28,2.2486714711161184,after
2025-11-11 00:00:00+00:00,28,ETH,27,28,7.772387751855446,after
2025-11-11 00:00:00+00:00,28,XRP,27,28,8.25165015911161,after
2025-11-11 00:00:00+00:00,28,SOL,27,28,2.5130699568595958,after
2025-11-12 00:00:00+00:00,28,ETH,27,28,7.708086868291744,after
2025-11-12 00:00:00+00:00,28,XRP,27,28,8.335387071531503,after
2025-11-12 00:00:00+00:00,28,SOL,27,28,2.279442448506277,after
2025-11-13 00:00:00+00:00,28,ETH,27,28,7.490264559325427,after
2025-11-13 00:00:00+00:00,28,XRP,27,28,8.38440871637093,after
2025-11-13 00:00:00+00:00,28,SOL,27,28,2.257137372652748,after
2025-11-14 00:00:00+00:00,28,ETH,27,28,7.322867030303531,after
2025-11-14 00:00:00+00:00,28,XRP,27,28,8.222163556202078,after
2025-11-14 00:00:00+00:00,28,SOL,27,28,2.1808488816273073,after
2025-11-15 00:00:00+00:00,28,ETH,27,28,7.598638131581421,after
2025-11-15 00:00:00+00:00,28,XRP,27,28,8.444247116013893,after
2025-11-15 00:00:00+00:00,28,SOL,27,28,2.531639474213282,after
2025-11-16 00:00:00+00:00,28,ETH,27,28,7.757669978575558,after
2025-11-16 00:00:00+00:00,28,XRP,27,28,8.64853071167215,after
2025-11-16 00:00:00+00:00,28,SOL,27,28,2.7293965736214467,after
2025-11-17 00:00:00+00:00,28,ETH,27,28,7.5158982639862675,after
2025-11-17 00:00:00+00:00,28,XRP,27,28,8.478072658549427,after
2025-11-17 00:00:00+00:00,28,SOL,27,28,2.5782789794635335,after
2025-11-18 00:00:00+00:00,28,ETH,27,28,7.62431297502639,after
2025-11-18 00:00:00+00:00,28,XRP,27,28,8.495286211253376,after
2025-11-18 00:00:00+00:00,28,SOL,27,28,2.823322522727599,after
2025-11-19 00:00:00+00:00,28,ETH,27,28,7.382459028551148,after
2025-11-19 00:00:00+00:00,28,XRP,27,28,8.129386711328095,after
2025-11-19 00:00:00+00:00,28,SOL,27,28,2.6456695180463967,after
2025-11-20 00:00:00+00:00,28,ETH,27,28,7.077650800897715,after
2025-11-20 00:00:00+00:00,28,XRP,27,28,7.893866570577256,after
2025-11-20 00:00:00+00:00,28,SOL,27,28,2.373857730630739,after
2025-11-21 00:00:00+00:00,28,ETH,27,28,7.565616837995728,after
2025-11-21 00:00:00+00:00,28,XRP,27,28,8.12870990765127,after
2025-11-21 00:00:00+00:00,28,SOL,27,28,2.6059730412980233,after
2025-11-22 00:00:00+00:00,28,ETH,27,28,7.5838564607920596,after
2025-11-22 00:00:00+00:00,28,XRP,27,28,8.141722662424788,after
2025-11-22 00:00:00+00:00,28,SOL,27,28,2.7718270391494606,after
2025-11-23 00:00:00+00:00,28,ETH,27,28,6.993088431855803,after
2025-11-23 00:00:00+00:00,28,XRP,27,28,7.447437929497658,after
2025-11-23 00:00:00+00:00,28,SOL,27,28,2.1488433880491122,after
2025-11-24 00:00:00+00:00,28,ETH,28,28,7.143329589982535,after
2025-11-24 00:00:00+00:00,28,XRP,28,28,7.604649525089835,after
2025-11-24 00:00:00+00:00,28,SOL,28,28,2.3044454899472573,after
2025-11-25 00:00:00+00:00,28,ETH,28,28,7.3291878044503544,after
2025-11-25 00:00:00+00:00,28,XRP,28,28,7.777272970892378,after
2025-11-25 00:00:00+00:00,28,SOL,28,28,2.564495644921486,after
2025-11-26 00:00:00+00:00,28,ETH,28,28,7.528072551587176,after
2025-11-26 00:00:00+00:00,28,XRP,28,28,7.928934280453262,after
2025-11-26 00:00:00+00:00,28,SOL,28,28,2.8656808377983793,after
2025-11-27 00:00:00+00:00,28,ETH,28,28,8.392379932475665,after
2025-11-27 00:00:00+00:00,28,XRP,28,28,8.69648681370952,after
2025-11-27 00:00:00+00:00,28,SOL,28,28,3.741993887086931,after
2025-11-28 00:00:00+00:00,28,ETH,28,28,8.517868443317882,after
2025-11-28 00:00:00+00:00,28,XRP,28,28,8.743729627407232,after
2025-11-28 00:00:00+00:00,28,SOL,28,28,4.651996125125086,after
2025-11-29 00:00:00+00:00,28,ETH,28,28,9.064267759304014,after
2025-11-29 00:00:00+00:00,28,XRP,28,28,9.123450938322785,after
2025-11-29 00:00:00+00:00,28,SOL,28,28,5.376294006315952,after
2025-11-30 00:00:00+00:00,28,ETH,28,28,5.751278195864037,after
2025-11-30 00:00:00+00:00,28,XRP,28,28,5.567369698776167,after
2025-11-30 00:00:00+00:00,28,SOL,28,28,4.8342178215052805,after
2025-12-01 00:00:00+00:00,28,ETH,28,28,4.432838898751214,after
2025-12-01 00:00:00+00:00,28,XRP,28,28,4.26548532777678,after
2025-12-01 00:00:00+00:00,28,SOL,28,28,5.285644024779016,after
2025-12-02 00:00:00+00:00,28,ETH,28,28,5.066769849172022,after
2025-12-02 00:00:00+00:00,28,XRP,28,28,4.726415050478169,after
2025-12-02 00:00:00+00:00,28,SOL,28,28,6.184427498195353,after
2025-12-03 00:00:00+00:00,28,ETH,28,28,0.9406799582972063,after
2025-12-03 00:00:00+00:00,28,XRP,28,28,0.4952317055472797,after
2025-12-03 00:00:00+00:00,28,SOL,28,28,4.935283529658372,after
2025-12-04 00:00:00+00:00,28,ETH,28,28,-0.4848447705031944,after
2025-12-04 00:00:00+00:00,28,XRP,28,28,-0.8665651097483256,after
2025-12-04 00:00:00+00:00,28,SOL,28,28,4.535248015649783,after
2025-12-05 00:00:00+00:00,28,ETH,28,28,-0.6148956023292733,after
2025-12-05 00:00:00+00:00,28,XRP,28,28,-1.118858737031342,after
2025-12-05 00:00:00+00:00,28,SOL,28,28,4.520731061488155,after
2025-12-06 00:00:00+00:00,28,ETH,28,28,-0.353716606361953,after
2025-12-06 00:00:00+00:00,28,XRP,28,28,-0.9606362374937838,after
2025-12-06 00:00:00+00:00,28,SOL,28,28,4.867921493450298,after
2025-12-07 00:00:00+00:00,28,ETH,28,28,-0.19970787457833694,after
2025-12-07 00:00:00+00:00,28,XRP,28,28,-0.8450913503458146,after
2025-12-07 00:00:00+00:00,28,SOL,28,28,5.0278797496907295,after
2025-12-08 00:00:00+00:00,28,ETH,28,28,-0.40175437095071587,after
2025-12-08 00:00:00+00:00,28,XRP,28,28,-1.0065680702164315,after
2025-12-08 00:00:00+00:00,28,SOL,28,28,4.937669611575368,after
2025-12-09 00:00:00+00:00,28,ETH,28,28,-0.5078025254348084,after
2025-12-09 00:00:00+00:00,28,XRP,28,28,-1.0185013966637655,after
2025-12-09 00:00:00+00:00,28,SOL,28,28,4.835135211749289,after
2025-12-10 00:00:00+00:00,28,ETH,28,28,-0.553935781235193,after
2025-12-10 00:00:00+00:00,28,XRP,28,28,-1.2150128557269575,after
2025-12-10 00:00:00+00:00,28,SOL,28,28,4.869341967090573,after
2025-12-11 00:00:00+00:00,28,ETH,28,28,-0.38942067303610983,after
2025-12-11 00:00:00+00:00,28,XRP,28,28,-1.1108802257884776,after
2025-12-11 00:00:00+00:00,28,SOL,28,28,4.894756328841522,after
2025-12-12 00:00:00+00:00,28,ETH,28,28,-0.458790756861422,after
2025-12-12 00:00:00+00:00,28,XRP,28,28,-1.013908544561584,after
2025-12-12 00:00:00+00:00,28,SOL,28,28,4.791455973495042,after
2025-12-13 00:00:00+00:00,28,ETH,28,28,-0.9876471478534121,after
2025-12-13 00:00:00+00:00,28,XRP,28,28,-1.5254052458833165,after
2025-12-13 00:00:00+00:00,28,SOL,28,28,4.419819104359634,after
2025-12-14 00:00:00+00:00,28,ETH,28,28,-1.366194409291829,after
2025-12-14 00:00:00+00:00,28,XRP,28,28,-1.922791141520431,after
2025-12-14 00:00:00+00:00,28,SOL,28,28,4.038359716434247,after
2025-12-15 00:00:00+00:00,28,ETH,28,28,-1.3395919093123503,after
2025-12-15 00:00:00+00:00,28,XRP,28,28,-1.9050820423602595,after
2025-12-15 00:00:00+00:00,28,SOL,28,28,4.014543044768622,after
2025-12-16 00:00:00+00:00,28,ETH,28,28,-1.7890099044948542,after
2025-12-16 00:00:00+00:00,28,XRP,28,28,-2.311330243239137,after
2025-12-16 00:00:00+00:00,28,SOL,28,28,3.489810757504314,after
2025-12-17 00:00:00+00:00,28,ETH,28,28,-1.4851231031077106,after
2025-12-17 00:00:00+00:00,28,XRP,28,28,-1.9752775461683427,after
2025-12-17 00:00:00+00:00,28,SOL,28,28,3.825767081891401,after
2025-12-18 00:00:00+00:00,28,ETH,28,28,-1.4416425980105032,after
2025-12-18 00:00:00+00:00,28,XRP,28,28,-1.979587504881902,after
2025-12-18 00:00:00+00:00,28,SOL,28,28,3.6868791775233785,after
2025-12-19 00:00:00+00:00,28,ETH,28,28,-2.017894597454145,after
2025-12-19 00:00:00+00:00,28,XRP,28,28,-2.442457591869573,after
2025-12-19 00:00:00+00:00,28,SOL,28,28,3.170192902744345,after
2025-12-20 00:00:00+00:00,28,ETH,28,28,-1.9033372892659735,after
2025-12-20 00:00:00+00:00,28,XRP,28,28,-2.2122229607263506,after
2025-12-20 00:00:00+00:00,28,SOL,28,28,3.2562748570959297,after
2025-12-21 00:00:00+00:00,28,ETH,28,28,-1.5424764643968558,after
2025-12-21 00:00:00+00:00,28,XRP,28,28,-1.9404034245698263,after
2025-12-21 00:00:00+00:00,28,SOL,28,28,3.61725712895354,after
2025-12-22 00:00:00+00:00,28,ETH,28,28,-1.9156946432124613,after
2025-12-22 00:00:00+00:00,28,XRP,28,28,-2.309668498289316,after
2025-12-22 00:00:00+00:00,28,SOL,28,28,3.2479467956208357,after
2025-12-23 00:00:00+00:00,28,ETH,28,28,-2.0314834416524867,after
2025-12-23 00:00:00+00:00,28,XRP,28,28,-2.5208527392225015,after
2025-12-23 00:00:00+00:00,28,SOL,28,28,2.9414913463332386,after
2025-12-24 00:00:00+00:00,28,ETH,28,28,-1.8051681399533308,after
2025-12-24 00:00:00+00:00,28,XRP,28,28,-2.3891807343978186,after
2025-12-24 00:00:00+00:00,28,SOL,28,28,3.1694770017798017,after
2025-12-25 00:00:00+00:00,28,ETH,28,28,-1.8397692862074635,after
2025-12-25 00:00:00+00:00,28,XRP,28,28,-2.4982456820639136,after
2025-12-25 00:00:00+00:00,28,SOL,28,28,3.089519933777387,after
2025-12-26 00:00:00+00:00,28,ETH,28,28,-1.7477513481173226,after
2025-12-26 00:00:00+00:00,28,XRP,28,28,-2.2974796464379637,after
2025-12-26 00:00:00+00:00,28,SOL,28,28,3.257030707491314,after
2025-12-27 00:00:00+00:00,28,ETH,28,28,-2.2772979310443624,after
2025-12-27 00:00:00+00:00,28,XRP,28,28,-2.76561650903221,after
2025-12-27 00:00:00+00:00,28,SOL,28,28,2.6057402303400465,after
2025-12-28 00:00:00+00:00,28,ETH,28,28,-3.5620689866156816,after
2025-12-28 00:00:00+00:00,28,XRP,28,28,-3.9482539805265873,after
2025-12-28 00:00:00+00:00,28,SOL,28,28,1.3752927517645972,after
2025-12-29 00:00:00+00:00,28,ETH,28,28,-3.6149890280611565,after
2025-12-29 00:00:00+00:00,28,XRP,28,28,-4.019139768221063,after
2025-12-29 00:00:00+00:00,28,SOL,28,28,0.46803394021169,after
2025-12-30 00:00:00+00:00,28,ETH,28,28,-4.457364934910213,after
2025-12-30 00:00:00+00:00,28,XRP,28,28,-4.718585307146977,after
2025-12-30 00:00:00+00:00,28,SOL,28,28,-0.3771666779983498,after
2025-12-31 00:00:00+00:00,28,ETH,28,28,-0.6794740983359411,after
2025-12-31 00:00:00+00:00,28,XRP,28,28,-0.9090736501447232,after
2025-12-31 00:00:00+00:00,28,SOL,28,28,0.6003804036290674,after
2026-01-01 00:00:00+00:00,28,ETH,28,28,0.572828320702218,after
2026-01-01 00:00:00+00:00,28,XRP,28,28,0.3103177140546194,after
2026-01-01 00:00:00+00:00,28,SOL,28,28,0.8028596253946745,after
2026-01-02 00:00:00+00:00,28,ETH,28,28,-0.033019024362008764,after
2026-01-02 00:00:00+00:00,28,XRP,28,28,-0.22283744657445226,after
2026-01-02 00:00:00+00:00,28,SOL,28,28,0.11060404968127457,after
2026-01-03 00:00:00+00:00,28,ETH,28,28,-0.18906857813624,after
2026-01-03 00:00:00+00:00,28,XRP,28,28,-0.28949386729951954,after
2026-01-03 00:00:00+00:00,28,SOL,28,28,-0.03267587940538874,after
2026-01-04 00:00:00+00:00,28,ETH,28,28,-0.07481649677269431,after
2026-01-04 00:00:00+00:00,28,XRP,28,28,-0.1181025503580031,after
2026-01-04 00:00:00+00:00,28,SOL,28,28,0.039174992848110435,after
2026-01-05 00:00:00+00:00,28,ETH,28,28,0.2399192875832057,after
2026-01-05 00:00:00+00:00,28,XRP,28,28,0.24582303014574336,after
2026-01-05 00:00:00+00:00,28,SOL,28,28,0.274550750226755,after
2026-01-06 00:00:00+00:00,28,ETH,28,28,0.2665862646522861,after
2026-01-06 00:00:00+00:00,28,XRP,28,28,0.35678998865553524,after
2026-01-06 00:00:00+00:00,28,SOL,28,28,0.31908727677065585,after
2026-01-07 00:00:00+00:00,28,ETH,28,28,0.27318645742820635,after
2026-01-07 00:00:00+00:00,28,XRP,28,28,0.347778138443708,after
2026-01-07 00:00:00+00:00,28,SOL,28,28,0.3436873155456972,after
2026-01-08 00:00:00+00:00,28,ETH,28,28,0.20406216835562319,after
2026-01-08 00:00:00+00:00,28,XRP,28,28,0.28654764120939547,after
2026-01-08 00:00:00+00:00,28,SOL,28,28,0.33435593941173636,after
2026-01-09 00:00:00+00:00,28,ETH,28,28,0.4513559389159951,after
2026-01-09 00:00:00+00:00,28,XRP,28,28,0.41778876028211087,after
2026-01-09 00:00:00+00:00,28,SOL,28,28,0.7271586858627899,after
2026-01-10 00:00:00+00:00,28,ETH,28,28,1.254286915379332,after
2026-01-10 00:00:00+00:00,28,XRP,28,28,1.2309327033555455,after
2026-01-10 00:00:00+00:00,28,SOL,28,28,1.4220806317046453,after
2026-01-11 00:00:00+00:00,28,ETH,28,28,1.6902176420992312,after
2026-01-11 00:00:00+00:00,28,XRP,28,28,1.6239309319115307,after
2026-01-11 00:00:00+00:00,28,SOL,28,28,1.8594199515323133,after
2026-01-12 00:00:00+00:00,28,ETH,28,28,2.004453193561883,after
2026-01-12 00:00:00+00:00,28,XRP,28,28,1.8233556735266419,after
2026-01-12 00:00:00+00:00,28,SOL,28,28,2.15059323239608,after
2026-01-13 00:00:00+00:00,28,ETH,28,28,3.0594774385531878,after
2026-01-13 00:00:00+00:00,28,XRP,28,28,2.8001301200104294,after
2026-01-13 00:00:00+00:00,28,SOL,28,28,3.0466109293496295,after
2026-01-14 00:00:00+00:00,28,ETH,28,28,3.535152497758318,after
2026-01-14 00:00:00+00:00,28,XRP,28,28,3.2952614321165967,after
2026-01-14 00:00:00+00:00,28,SOL,28,28,3.412401512625056,after
2026-01-15 00:00:00+00:00,28,ETH,28,28,3.9847197579766274,after
2026-01-15 00:00:00+00:00,28,XRP,28,28,3.7329655753907502,after
2026-01-15 00:00:00+00:00,28,SOL,28,28,3.7931224522285163,after
2026-01-16 00:00:00+00:00,28,ETH,28,28,4.676167649921105,after
2026-01-16 00:00:00+00:00,28,XRP,28,28,4.374204614765311,after
2026-01-16 00:00:00+00:00,28,SOL,28,28,4.4283166791514645,after
2026-01-17 00:00:00+00:00,28,ETH,28,28,4.346476807115177,after
2026-01-17 00:00:00+00:00,28,XRP,28,28,4.083041003015552,after
2026-01-17 00:00:00+00:00,28,SOL,28,28,4.116493882822763,after
2026-01-18 00:00:00+00:00,28,ETH,28,28,4.837212769796643,after
2026-01-18 00:00:00+00:00,28,XRP,28,28,4.678642623224292,after
2026-01-18 00:00:00+00:00,28,SOL,28,28,4.703736187854872,after
2026-01-19 00:00:00+00:00,28,ETH,28,28,5.183967236051473,after
2026-01-19 00:00:00+00:00,28,XRP,28,28,5.041404003419288,after
2026-01-19 00:00:00+00:00,28,SOL,28,28,5.016615017920337,after
2026-01-20 00:00:00+00:00,28,ETH,28,28,5.427419033748276,after
2026-01-20 00:00:00+00:00,28,XRP,28,28,5.329003570745012,after
2026-01-20 00:00:00+00:00,28,SOL,28,28,5.287623008121702,after
2026-01-21 00:00:00+00:00,28,ETH,28,28,5.555447764679975,after
2026-01-21 00:00:00+00:00,28,XRP,28,28,5.513787140988882,after
2026-01-21 00:00:00+00:00,28,SOL,28,28,5.30143114871704,after
2026-01-22 00:00:00+00:00,28,ETH,28,28,5.833550676843551,after
2026-01-22 00:00:00+00:00,28,XRP,28,28,5.86785926095774,after
2026-01-22 00:00:00+00:00,28,SOL,28,28,5.613803352864291,after
2026-01-23 00:00:00+00:00,28,ETH,28,28,5.879077864828069,after
2026-01-23 00:00:00+00:00,28,XRP,28,28,5.9625159583732525,after
2026-01-23 00:00:00+00:00,28,SOL,28,28,5.705072288801343,after
2026-01-24 00:00:00+00:00,28,ETH,28,28,6.124588787872689,after
2026-01-24 00:00:00+00:00,28,XRP,28,28,6.271389544379584,after
2026-01-24 00:00:00+00:00,28,SOL,28,28,5.890135463400007,after
2026-01-25 00:00:00+00:00,28,ETH,28,28,6.447711188140268,after
2026-01-25 00:00:00+00:00,28,XRP,28,28,6.617171440137536,after
2026-01-25 00:00:00+00:00,28,SOL,28,28,6.250278515801327,after
2026-01-26 00:00:00+00:00,28,ETH,28,28,6.427208439788107,after
2026-01-26 00:00:00+00:00,28,XRP,28,28,6.581060451788499,after
2026-01-26 00:00:00+00:00,28,SOL,28,28,6.213306109200456,after
2026-01-27 00:00:00+00:00,28,ETH,28,28,6.714697961604983,after
2026-01-27 00:00:00+00:00,28,XRP,28,28,6.897018562001307,after
2026-01-27 00:00:00+00:00,28,SOL,28,28,6.4669649076303735,after
2026-01-28 00:00:00+00:00,28,ETH,28,28,7.404744760016708,after
2026-01-28 00:00:00+00:00,28,XRP,28,28,7.640409963193804,after
2026-01-28 00:00:00+00:00,28,SOL,28,28,7.166199617659714,after
2026-01-29 00:00:00+00:00,28,ETH,28,28,7.668080774801275,after
2026-01-29 00:00:00+00:00,28,XRP,28,28,7.982803702266288,after
2026-01-29 00:00:00+00:00,28,SOL,28,28,7.6105103778119165,after
2026-01-30 00:00:00+00:00,28,ETH,28,28,8.174166358376826,after
2026-01-30 00:00:00+00:00,28,XRP,28,28,8.562352337406988,after
2026-01-30 00:00:00+00:00,28,SOL,28,28,8.04447649724099,after
2026-01-31 00:00:00+00:00,28,ETH,28,28,8.215649532219505,after
2026-01-31 00:00:00+00:00,28,XRP,28,28,8.606965675558804,after
2026-01-31 00:00:00+00:00,28,SOL,28,28,7.9945166688863765,after
2026-02-01 00:00:00+00:00,28,ETH,28,28,8.101747138841485,after
2026-02-01 00:00:00+00:00,28,XRP,28,28,8.488501027845867,after
2026-02-01 00:00:00+00:00,28,SOL,28,28,7.913360607469439,after
2026-02-02 00:00:00+00:00,28,ETH,28,28,8.09304947304041,after
2026-02-02 00:00:00+00:00,28,XRP,28,28,8.55301585772429,after
2026-02-02 00:00:00+00:00,28,SOL,28,28,7.90360793775363,after
2026-02-03 00:00:00+00:00,28,ETH,28,28,7.9810391539846215,after
2026-02-03 00:00:00+00:00,28,XRP,28,28,8.316896380056448,after
2026-02-03 00:00:00+00:00,28,SOL,28,28,7.7129662103981715,after
2026-02-04 00:00:00+00:00,28,ETH,28,28,7.9311805069186505,after
2026-02-04 00:00:00+00:00,28,XRP,28,28,8.26733450492263,after
2026-02-04 00:00:00+00:00,28,SOL,28,28,7.652569818368285,after
2026-02-05 00:00:00+00:00,28,ETH,28,28,7.873464432706843,after
2026-02-05 00:00:00+00:00,28,XRP,28,28,8.203506512902127,after
2026-02-05 00:00:00+00:00,28,SOL,28,28,7.68335285347856,after
2026-02-06 00:00:00+00:00,28,ETH,28,28,7.925749361991709,after
2026-02-06 00:00:00+00:00,28,XRP,28,28,8.171082842288406,after
2026-02-06 00:00:00+00:00,28,SOL,28,28,7.63640825555186,after
2026-02-07 00:00:00+00:00,28,ETH,28,28,7.596347533017738,after
2026-02-07 00:00:00+00:00,28,XRP,28,28,7.859045450679261,after
2026-02-07 00:00:00+00:00,28,SOL,28,28,7.273618917436664,after
2026-02-08 00:00:00+00:00,28,ETH,28,28,7.256533540510411,after
2026-02-08 00:00:00+00:00,28,XRP,28,28,7.495217967043246,after
2026-02-08 00:00:00+00:00,28,SOL,28,28,6.88726686104393,after
2026-02-09 00:00:00+00:00,28,ETH,28,28,6.979828207494876,after
2026-02-09 00:00:00+00:00,28,XRP,28,28,7.331591918604957,after
2026-02-09 00:00:00+00:00,28,SOL,28,28,6.52578378315436,after
2026-02-10 00:00:00+00:00,28,ETH,28,28,5.706655727732262,after
2026-02-10 00:00:00+00:00,28,XRP,28,28,6.137884386457809,after
2026-02-10 00:00:00+00:00,28,SOL,28,28,5.390967598195093,after
2026-02-11 00:00:00+00:00,28,ETH,28,28,4.980292272967517,after
2026-02-11 00:00:00+00:00,28,XRP,28,28,5.419714451224269,after
2026-02-11 00:00:00+00:00,28,SOL,28,28,4.742421812971671,after
2026-02-12 00:00:00+00:00,28,ETH,28,28,4.247606950727967,after
2026-02-12 00:00:00+00:00,28,XRP,28,28,4.689307229122679,after
2026-02-12 00:00:00+00:00,28,SOL,28,28,4.1133819311960345,after
2026-02-13 00:00:00+00:00,28,ETH,28,28,3.510030236525065,after
2026-02-13 00:00:00+00:00,28,XRP,28,28,4.0991361529311305,after
2026-02-13 00:00:00+00:00,28,SOL,28,28,3.529843685018612,after
2026-02-14 00:00:00+00:00,28,ETH,28,28,3.805708928006002,after
2026-02-14 00:00:00+00:00,28,XRP,28,28,4.237741669335364,after
2026-02-14 00:00:00+00:00,28,SOL,28,28,3.758512500214376,after
2026-02-15 00:00:00+00:00,28,ETH,28,28,3.0818506414996882,after
2026-02-15 00:00:00+00:00,28,XRP,28,28,3.504562451726585,after
2026-02-15 00:00:00+00:00,28,SOL,28,28,3.074058678243599,after
2026-02-16 00:00:00+00:00,28,ETH,28,28,3.192001032827921,after
2026-02-16 00:00:00+00:00,28,XRP,28,28,3.5514752824778846,after
2026-02-16 00:00:00+00:00,28,SOL,28,28,3.1044242186579716,after
2026-02-17 00:00:00+00:00,28,ETH,28,28,3.1025417022268478,after
2026-02-17 00:00:00+00:00,28,XRP,28,28,3.3017358301413537,after
2026-02-17 00:00:00+00:00,28,SOL,28,28,2.8521885993097413,after
