definition,fold,info,variant,alpha,validation_loss_bp
EQ,2025-12,base,weak_penalty,0.0,2.0119514114076416
EQ,2025-12,base,weak_penalty,0.001,2.800412805382344
EQ,2025-12,base,weak_penalty,0.01,2.5779353128146187
EQ,2025-12,base,scaled_basis,0.0,2.011951411407611
EQ,2025-12,base,scaled_basis,0.001,1.9254442599731463
EQ,2025-12,base,scaled_basis,0.005,2.043997458716675
EQ,2025-12,base,scaled_basis,0.01,2.2779860098568006
EQ,2025-12,base,scaled_basis,0.05,2.5779353128146187
EQ,2025-12,full,weak_penalty,0.0,2.2252063076033086
EQ,2025-12,full,weak_penalty,0.001,2.7482789047148803
EQ,2025-12,full,weak_penalty,0.01,2.5779353128146187
EQ,2025-12,full,scaled_basis,0.0,2.225206307603315
EQ,2025-12,full,scaled_basis,0.001,1.9547861833790137
EQ,2025-12,full,scaled_basis,0.005,2.1789031576867965
EQ,2025-12,full,scaled_basis,0.01,2.4782053731474347
EQ,2025-12,full,scaled_basis,0.05,2.5779353128146187
EQ,2026-01,base,weak_penalty,0.0,2.006531446239853
EQ,2026-01,base,weak_penalty,0.001,2.4922111601241093
EQ,2026-01,base,weak_penalty,0.01,3.476643377856243
EQ,2026-01,base,scaled_basis,0.0,2.006531446239869
EQ,2026-01,base,scaled_basis,0.001,2.0533064075417613
EQ,2026-01,base,scaled_basis,0.005,2.0643613275329447
EQ,2026-01,base,scaled_basis,0.01,2.3594888308787394
EQ,2026-01,base,scaled_basis,0.05,2.7267894597900932
EQ,2026-01,full,weak_penalty,0.0,1.9595749901792436
EQ,2026-01,full,weak_penalty,0.001,2.4774064747330957
EQ,2026-01,full,weak_penalty,0.01,3.476643377856243
EQ,2026-01,full,scaled_basis,0.0,1.959574990179253
EQ,2026-01,full,scaled_basis,0.001,2.0042793678903346
EQ,2026-01,full,scaled_basis,0.005,2.0467891258111677
EQ,2026-01,full,scaled_basis,0.01,2.320850469618462
EQ,2026-01,full,scaled_basis,0.05,2.7267894597900932
EQ,2026-02,base,weak_penalty,0.0,1.3488188006433683
EQ,2026-02,base,weak_penalty,0.001,1.1340067891451033
EQ,2026-02,base,weak_penalty,0.01,1.3433669585866128
EQ,2026-02,base,scaled_basis,0.0,1.348818800643387
EQ,2026-02,base,scaled_basis,0.001,1.2691635083156525
EQ,2026-02,base,scaled_basis,0.005,1.2398963694513825
EQ,2026-02,base,scaled_basis,0.01,1.222634363392646
EQ,2026-02,base,scaled_basis,0.05,1.328250593802804
EQ,2026-02,full,weak_penalty,0.0,1.268843930010143
EQ,2026-02,full,weak_penalty,0.001,1.0995736380809042
EQ,2026-02,full,weak_penalty,0.01,1.3433669585866128
EQ,2026-02,full,scaled_basis,0.0,1.2688439300186027
EQ,2026-02,full,scaled_basis,0.001,1.185728730989661
EQ,2026-02,full,scaled_basis,0.005,1.1768041581834168
EQ,2026-02,full,scaled_basis,0.01,1.2135911694485604
EQ,2026-02,full,scaled_basis,0.05,1.328250593802804
EQ,2026-03,base,weak_penalty,0.0,2.624920059231697
EQ,2026-03,base,weak_penalty,0.001,2.2273166669134343
EQ,2026-03,base,weak_penalty,0.01,2.1613192229116067
EQ,2026-03,base,scaled_basis,0.0,2.62492005923172
EQ,2026-03,base,scaled_basis,0.001,2.4698101083743227
EQ,2026-03,base,scaled_basis,0.005,2.363183145521518
EQ,2026-03,base,scaled_basis,0.01,2.2636138736324853
EQ,2026-03,base,scaled_basis,0.05,2.1796065157385254
EQ,2026-03,full,weak_penalty,0.0,3.956214284260121
EQ,2026-03,full,weak_penalty,0.001,2.3562869300032587
EQ,2026-03,full,weak_penalty,0.01,2.1613192229116067
EQ,2026-03,full,scaled_basis,0.0,3.956214284260038
EQ,2026-03,full,scaled_basis,0.001,3.9439261426740178
EQ,2026-03,full,scaled_basis,0.005,3.536195152132082
EQ,2026-03,full,scaled_basis,0.01,2.4280021353490184
EQ,2026-03,full,scaled_basis,0.05,2.1796065157385254
CAP,2025-12,base,weak_penalty,0.0,3.3257169933235513
CAP,2025-12,base,weak_penalty,0.001,3.84575147478365
CAP,2025-12,base,weak_penalty,0.01,3.6735245532555036
CAP,2025-12,base,scaled_basis,0.0,3.3257169933235713
CAP,2025-12,base,scaled_basis,0.001,3.4593361719294404
CAP,2025-12,base,scaled_basis,0.005,3.1258264563874625
CAP,2025-12,base,scaled_basis,0.01,3.546078874009979
CAP,2025-12,base,scaled_basis,0.05,3.6735245532555036
CAP,2025-12,full,weak_penalty,0.0,3.1917977947710265
CAP,2025-12,full,weak_penalty,0.001,3.5302634887318467
CAP,2025-12,full,weak_penalty,0.01,3.6735245532555036
CAP,2025-12,full,scaled_basis,0.0,3.1917977947711433
CAP,2025-12,full,scaled_basis,0.001,3.367817150332739
CAP,2025-12,full,scaled_basis,0.005,3.4744909574492353
CAP,2025-12,full,scaled_basis,0.01,3.525926919338999
CAP,2025-12,full,scaled_basis,0.05,3.6735245532555036
CAP,2026-01,base,weak_penalty,0.0,1.14671298900539
CAP,2026-01,base,weak_penalty,0.001,1.159837333268002
CAP,2026-01,base,weak_penalty,0.01,1.3024236474164927
CAP,2026-01,base,scaled_basis,0.0,1.1467129888953187
CAP,2026-01,base,scaled_basis,0.001,1.1395414317271009
CAP,2026-01,base,scaled_basis,0.005,1.1169872163943106
CAP,2026-01,base,scaled_basis,0.01,1.2229742593858353
CAP,2026-01,base,scaled_basis,0.05,1.2561653128657295
CAP,2026-01,full,weak_penalty,0.0,1.1756524200642149
CAP,2026-01,full,weak_penalty,0.001,1.1612016892790622
CAP,2026-01,full,weak_penalty,0.01,1.3024236474164927
CAP,2026-01,full,scaled_basis,0.0,1.1756524203625076
CAP,2026-01,full,scaled_basis,0.001,1.1256068601047913
CAP,2026-01,full,scaled_basis,0.005,1.1076553057564473
CAP,2026-01,full,scaled_basis,0.01,1.2221803641318707
CAP,2026-01,full,scaled_basis,0.05,1.2561653128657295
CAP,2026-02,base,weak_penalty,0.0,1.3246579095087545
CAP,2026-02,base,weak_penalty,0.001,1.2692541144511544
CAP,2026-02,base,weak_penalty,0.01,1.339406904832819
CAP,2026-02,base,scaled_basis,0.0,1.32465790950876
CAP,2026-02,base,scaled_basis,0.001,1.2610145620312667
CAP,2026-02,base,scaled_basis,0.005,1.1967562164009486
CAP,2026-02,base,scaled_basis,0.01,1.2281675517805164
CAP,2026-02,base,scaled_basis,0.05,1.259665485146009
CAP,2026-02,full,weak_penalty,0.0,1.4248747056284135
CAP,2026-02,full,weak_penalty,0.001,1.2686461793958412
CAP,2026-02,full,weak_penalty,0.01,1.339406904832819
CAP,2026-02,full,scaled_basis,0.0,1.4248747056293156
CAP,2026-02,full,scaled_basis,0.001,1.3132256468126648
CAP,2026-02,full,scaled_basis,0.005,1.2531537139102211
CAP,2026-02,full,scaled_basis,0.01,1.2281675517805162
CAP,2026-02,full,scaled_basis,0.05,1.259665485146009
CAP,2026-03,base,weak_penalty,0.0,1.4512352641400332
CAP,2026-03,base,weak_penalty,0.001,1.3396448883236747
CAP,2026-03,base,weak_penalty,0.01,1.2196289506021998
CAP,2026-03,base,scaled_basis,0.0,1.4512352641400246
CAP,2026-03,base,scaled_basis,0.001,1.3303719877889377
CAP,2026-03,base,scaled_basis,0.005,1.256329267382991
CAP,2026-03,base,scaled_basis,0.01,1.27967279799283
CAP,2026-03,base,scaled_basis,0.05,1.248200250184639
CAP,2026-03,full,weak_penalty,0.0,1.5852957040901416
CAP,2026-03,full,weak_penalty,0.001,1.3510249869750661
CAP,2026-03,full,weak_penalty,0.01,1.2196289506021998
CAP,2026-03,full,scaled_basis,0.0,1.5852957040901239
CAP,2026-03,full,scaled_basis,0.001,1.495101727473645
CAP,2026-03,full,scaled_basis,0.005,1.606015172240043
CAP,2026-03,full,scaled_basis,0.01,1.265209933935307
CAP,2026-03,full,scaled_basis,0.05,1.248200250184639
PCA,2025-12,base,weak_penalty,0.0,2.004855965148972
PCA,2025-12,base,weak_penalty,0.001,2.7841395245059775
PCA,2025-12,base,weak_penalty,0.01,2.5738422916486074
PCA,2025-12,base,scaled_basis,0.0,2.0048559651489506
PCA,2025-12,base,scaled_basis,0.001,1.9156304535340662
PCA,2025-12,base,scaled_basis,0.005,1.9956623026509956
PCA,2025-12,base,scaled_basis,0.01,2.2836062523336773
PCA,2025-12,base,scaled_basis,0.05,2.5738422916486074
PCA,2025-12,full,weak_penalty,0.0,2.2181198431565523
PCA,2025-12,full,weak_penalty,0.001,2.7456391036746255
PCA,2025-12,full,weak_penalty,0.01,2.5738422916486074
PCA,2025-12,full,scaled_basis,0.0,2.2181198431566385
PCA,2025-12,full,scaled_basis,0.001,1.9517027206897721
PCA,2025-12,full,scaled_basis,0.005,2.1797295549312716
PCA,2025-12,full,scaled_basis,0.01,2.487028577189085
PCA,2025-12,full,scaled_basis,0.05,2.5738422916486074
PCA,2026-01,base,weak_penalty,0.0,2.0109021819466157
PCA,2026-01,base,weak_penalty,0.001,2.482406484228183
PCA,2026-01,base,weak_penalty,0.01,3.4573545314506635
PCA,2026-01,base,scaled_basis,0.0,2.010902181946605
PCA,2026-01,base,scaled_basis,0.001,2.057341677128939
PCA,2026-01,base,scaled_basis,0.005,1.9822995266039922
PCA,2026-01,base,scaled_basis,0.01,2.3571391916696096
PCA,2026-01,base,scaled_basis,0.05,2.7136020649847676
PCA,2026-01,full,weak_penalty,0.0,1.9686159382957729
PCA,2026-01,full,weak_penalty,0.001,2.474185696590023
PCA,2026-01,full,weak_penalty,0.01,3.4573545314506635
PCA,2026-01,full,scaled_basis,0.0,1.9686159382957946
PCA,2026-01,full,scaled_basis,0.001,2.0084979021587888
PCA,2026-01,full,scaled_basis,0.005,2.0412863436538538
PCA,2026-01,full,scaled_basis,0.01,2.3121213363349904
PCA,2026-01,full,scaled_basis,0.05,2.7136020649847676
PCA,2026-02,base,weak_penalty,0.0,1.3414033961565375
PCA,2026-02,base,weak_penalty,0.001,1.123597814709014
PCA,2026-02,base,weak_penalty,0.01,1.3333457525151222
PCA,2026-02,base,scaled_basis,0.0,1.3414033961565244
PCA,2026-02,base,scaled_basis,0.001,1.2647762942308278
PCA,2026-02,base,scaled_basis,0.005,1.2248188907569926
PCA,2026-02,base,scaled_basis,0.01,1.2064034505160977
PCA,2026-02,base,scaled_basis,0.05,1.3183783340944173
PCA,2026-02,full,weak_penalty,0.0,1.248228907174241
PCA,2026-02,full,weak_penalty,0.001,1.094544647439443
PCA,2026-02,full,weak_penalty,0.01,1.3333457525151222
PCA,2026-02,full,scaled_basis,0.0,1.2482289071542625
PCA,2026-02,full,scaled_basis,0.001,1.1683845420467964
PCA,2026-02,full,scaled_basis,0.005,1.1607488532575196
PCA,2026-02,full,scaled_basis,0.01,1.203726280544234
PCA,2026-02,full,scaled_basis,0.05,1.3183783340944173
PCA,2026-03,base,weak_penalty,0.0,2.569124538120108
PCA,2026-03,base,weak_penalty,0.001,2.2007827729242906
PCA,2026-03,base,weak_penalty,0.01,2.144509521269443
PCA,2026-03,base,scaled_basis,0.0,2.5691245381201084
PCA,2026-03,base,scaled_basis,0.001,2.4328356759629988
PCA,2026-03,base,scaled_basis,0.005,2.3178330538234566
PCA,2026-03,base,scaled_basis,0.01,2.238077355938078
PCA,2026-03,base,scaled_basis,0.05,2.1521615836749364
PCA,2026-03,full,weak_penalty,0.0,3.9064226479812354
PCA,2026-03,full,weak_penalty,0.001,2.2839264349037003
PCA,2026-03,full,weak_penalty,0.01,2.144509521269443
PCA,2026-03,full,scaled_basis,0.0,3.9064226479811954
PCA,2026-03,full,scaled_basis,0.001,3.831368201092085
PCA,2026-03,full,scaled_basis,0.005,3.114592122070933
PCA,2026-03,full,scaled_basis,0.01,2.4319124267704004
PCA,2026-03,full,scaled_basis,0.05,2.1521615836749364
